source,alias_id,canonical_id,verdict,events,shard,programme_1,programme_2
epgshare-ae1,Abu.Dhabi.HD.ae,AbuDhabiTV.ae,NOT_PUBLISHED,0,,,
epgshare-ae1,AD.Sports.1.HD.ae,AbuDhabiSports1.ae,NOT_PUBLISHED,0,,,
epgshare-ae1,AD.Sports.2.HD.ae,AbuDhabiSports2.ae,NOT_PUBLISHED,0,,,
epgshare-ae1,Aden.Almustakillah.HD.ae,Aden.TV.ae,NOT_PUBLISHED,0,,,
epgshare-ae1,Al.Arabiya.Business.ae,Al Arabiya Business.sa,NOT_PUBLISHED,0,,,
epgshare-ae1,Al.Arabiya.HD.ae,Al Arabiya.sa,NOT_PUBLISHED,0,,,
epgshare-ae1,Al.Araby.2.HD.ae,AlArabyTV2.qa@SD,NOT_PUBLISHED,0,,,
epgshare-ae1,Al.Dafrah.HD.ae,Al Dafrah.sa,NOT_PUBLISHED,0,,,
epgshare-ae1,Al.Hadath.ae,AlHadath.sa@SD,NOT_PUBLISHED,0,,,
epgshare-ae1,Al.Hayat.ae,Al Hayat.sa,NOT_PUBLISHED,0,,,
epgshare-ae1,Al.Mamlaka.TV.HD.ae,Al Mamlaka TV.sa,NOT_PUBLISHED,0,,,
epgshare-ae1,Al.Nahar.Drama.ae,Al Nahar Drama.sa,NOT_PUBLISHED,0,,,
epgshare-ae1,Al.Nahar.TV.ae,Al Nahar TV.sa,NOT_PUBLISHED,0,,,
epgshare-ae1,Al.Rai.TV.ae,AlraiTV.kw@SD,NOT_PUBLISHED,0,,,
epgshare-ae1,Alkass.Four.ae,Alkass Four.qa,NOT_PUBLISHED,0,,,
epgshare-ae1,Alkass.One.HD.ae,Alkass One.qa,NOT_PUBLISHED,0,,,
epgshare-ae1,Alkass.Three.ae,Alkass Three.qa,NOT_PUBLISHED,0,,,
epgshare-ae1,Alkass.Two.HD.ae,Alkass Two.qa,NOT_PUBLISHED,0,,,
epgshare-ae1,Amman.TV.HD.ae,Amman TV.sa,NOT_PUBLISHED,0,,,
epgshare-ae1,ar:.أبوظبي.الرياضية.إكسترا.ae,AbuDhabiTV.ae,NOT_PUBLISHED,0,,,
epgshare-ae1,ar:.أبوظبي.الرياضية.بريميوم.2.-.الدوري.الإيطالي.ae,AbuDhabiTV.ae,NOT_PUBLISHED,0,,,
epgshare-ae1,ar:.ياس.تي.في.إكسترا.ae,YasTVExtra.ae,NOT_PUBLISHED,0,,,
epgshare-ae1,Asharq.Discovery.HD.ae,Asharq Discovery.sa,NOT_PUBLISHED,0,,,
epgshare-ae1,Asharq.Documentary.HD.ae,AsharqDocumentary.sa@SD,NOT_PUBLISHED,0,,,
epgshare-ae1,Bahrain.TV.HD.ae,BahrainTV.bh@SD,NOT_PUBLISHED,0,,,
epgshare-ae1,BBC.Arabic.ae,BBC Arabic.sa,NOT_PUBLISHED,0,,,
epgshare-ae1,BBC.World.News.ae,BBC World News.sa,NOT_PUBLISHED,0,,,
epgshare-ae1,beIN.Sports.HD.ae,beIN SPORTS.qa,NOT_PUBLISHED,0,,,
epgshare-ae1,beIN.Sports.News.ae,beIN SPORTS NEWS.qa,NOT_PUBLISHED,0,,,
epgshare-ae1,CBC.ae,CBC.sa,NOT_PUBLISHED,0,,,
epgshare-ae1,CBC.Drama.ae,CBC Drama.sa,NOT_PUBLISHED,0,,,
epgshare-ae1,CBC.Sofra.ae,CBC Sofra.sa,NOT_PUBLISHED,0,,,
epgshare-ae1,Cima.ae,Cima.eg,REVIEW,18,mena-eg,Mr. Ayub,Satrak Ya Rab
epgshare-ae1,CN.Arabic.ae,CN Arabic.sa,NOT_PUBLISHED,0,,,
epgshare-ae1,DMC.ae,DMC.eg@SD,NOT_PUBLISHED,0,,,
epgshare-ae1,DMC.Drama.ae,DMC DRAMA.eg,NOT_PUBLISHED,0,,,
epgshare-ae1,Dubai.ae,Dubai.sa,NOT_PUBLISHED,0,,,
epgshare-ae1,Dubai.HD.ae,Dubai.sa,NOT_PUBLISHED,0,,,
epgshare-ae1,Dubai.One.HD.ae,Dubai One.sa,NOT_PUBLISHED,0,,,
epgshare-ae1,Dubai.Sports.1.HD.ae,Dubai.Sports.1.ae,NOT_PUBLISHED,0,,,
epgshare-ae1,Dubai.Sports.2.ae,Dubai Sports 2.sa,NOT_PUBLISHED,0,,,
epgshare-ae1,Dubai.Zaman.ae,Dubai Zaman.eg,NOT_PUBLISHED,0,,,
epgshare-ae1,Echorouk.TV.HD.ae,Echorouk TV.eg,NOT_PUBLISHED,0,,,
epgshare-ae1,Emarat.HD.ae,AbuDhabiEmirates.ae,NOT_PUBLISHED,0,,,
epgshare-ae1,en:.YAS.TV.Extra.ae,YasTVExtra.ae,NOT_PUBLISHED,0,,,
epgshare-ae1,Fujairah.HD.ae,Fujairah.eg,NOT_PUBLISHED,0,,,
epgshare-ae1,Jordan.TV.HD.ae,Jordan TV.sa,NOT_PUBLISHED,0,,,
epgshare-ae1,KSA.sports.1.ae,KSASports1.sa@SD,NOT_PUBLISHED,0,,,
epgshare-ae1,LBC.ae,LBC.sa,PASS,29,mena-sa,العنكبوت,بنات همام:الحلقة 15
epgshare-ae1,Majid.Kids.TV.HD.ae,Majid.ae,NOT_PUBLISHED,0,,,
epgshare-ae1,MBC.1.ae,MBC1.ae@SD,NOT_PUBLISHED,0,,,
epgshare-ae1,MBC.2.ae,MBC2.ae@SD,NOT_PUBLISHED,0,,,
epgshare-ae1,MBC.3.ae,MBC3.ae@SD,NOT_PUBLISHED,0,,,
epgshare-ae1,MBC.4.ae,MBC4.ae@SD,NOT_PUBLISHED,0,,,
epgshare-ae1,MBC.Action.ae,MBCAction.ae@SD,NOT_PUBLISHED,0,,,
epgshare-ae1,MBC.Bollywood.ae,MBCBollywood.ae@SD,NOT_PUBLISHED,0,,,
epgshare-ae1,MBC.Drama.ae,MBCDrama.ae@SD,NOT_PUBLISHED,0,,,
epgshare-ae1,MBC.Iraq.HD.ae,MBCIraq.iq@SD,NOT_PUBLISHED,0,,,
epgshare-ae1,MBC.Masr.2.HD.ae,MBC MASR 2.sa,NOT_PUBLISHED,0,,,
epgshare-ae1,MBC.Masr.Drama.HD.ae,MBC Masr Drama.eg,NOT_PUBLISHED,0,,,
epgshare-ae1,MBC.Masr.HD.ae,MBCMasr.eg@SD,NOT_PUBLISHED,0,,,
epgshare-ae1,Mix.One.ae,Mix ONE.eg,NOT_PUBLISHED,0,,,
epgshare-ae1,Nile.Drama.ae,Nile Drama.eg,NOT_PUBLISHED,0,,,
epgshare-ae1,Oman.TV.HD.ae,OmanTV.om@SD,NOT_PUBLISHED,0,,,
epgshare-ae1,On.Drama.ae,ON Drama.eg,NOT_PUBLISHED,0,,,
epgshare-ae1,On.E.HD.ae,ON E.eg,NOT_PUBLISHED,0,,,
epgshare-ae1,One.Drama.ae,One Drama.eg,NOT_PUBLISHED,0,,,
epgshare-ae1,One.Tv.ae,One TV.sa,NOT_PUBLISHED,0,,,
epgshare-ae1,One.TV.ae,One TV.sa,NOT_PUBLISHED,0,,,
epgshare-ae1,Rotana.Classic.ae,Rotana Classic HD.sa,NOT_PUBLISHED,0,,,
epgshare-ae1,Rotana.Clip.ae,Rotana Clip.sa,NOT_PUBLISHED,0,,,
epgshare-ae1,Rotana.Drama.ae,Rotana Drama HD.sa,NOT_PUBLISHED,0,,,
epgshare-ae1,Rotana.Khalijia.ae,Rotana Khalijia HD.sa,NOT_PUBLISHED,0,,,
epgshare-ae1,Rotana.Music.ae,Rotana Music HD.sa,NOT_PUBLISHED,0,,,
epgshare-ae1,Roya.TV.HD.ae,RoyaTV.jo@SD,NOT_PUBLISHED,0,,,
epgshare-ae1,RT.Arabic.HD.ae,RTArabic.ru@SD,NOT_PUBLISHED,0,,,
epgshare-ae1,Sada.El.Balad.2.ae,Sada El Balad 2.eg,NOT_PUBLISHED,0,,,
epgshare-ae1,Sada.El.Balad.ae,Sada El Balad.eg,NOT_PUBLISHED,0,,,
epgshare-ae1,Sada.El.Balad.Drama.ae,Sada El Balad Drama.eg,NOT_PUBLISHED,0,,,
epgshare-ae1,Sama.Dubai.ae,Sama Dubai.sa,NOT_PUBLISHED,0,,,
epgshare-ae1,Sama.Dubai.HD.ae,Sama Dubai.sa,NOT_PUBLISHED,0,,,
epgshare-ae1,SBC.HD.ae,SBC.sa@SD,NOT_PUBLISHED,0,,,
epgshare-ae1,Sharjah.Quran.ae,Sharjah Quran.sa,NOT_PUBLISHED,0,,,
epgshare-ae1,Sharjah.Sports.HD.ae,Sharjah Sports.sa,NOT_PUBLISHED,0,,,
epgshare-ae1,Sharqiya.from.Kalba.HD.ae,Sharqiya from Kalba.sa,NOT_PUBLISHED,0,,,
epgshare-ae1,Sky.News.Arabia.HD.ae,SkyNewsArabia.ae@SD,NOT_PUBLISHED,0,,,
epgshare-ae1,Space.Toon.ae,Space Toon.sa,NOT_PUBLISHED,0,,,
epgshare-ae1,Ten.ae,TeN.eg@SD,NOT_PUBLISHED,0,,,
epgshare-ae1,Zee.Aflam.ae,Zee Aflam.sa,NOT_PUBLISHED,0,,,
epgshare-ae1,Zee.Alwan.ae,Zee Alwan.sa,NOT_PUBLISHED,0,,,
epgshare-bein1,4k_DIGITAL_Mono_EN.bein,4k_DIGITAL_Mono_AR.bein,NOT_PUBLISHED,0,,,
epgshare-bein1,beIN_SPORTS1_DIGITAL_Mono_AR.bein,beIN SPORTS 1.qa,NOT_PUBLISHED,0,,,
epgshare-bein1,beIN_SPORTS1_DIGITAL_Mono_EN.bein,beIN SPORTS EN 1.qa,NOT_PUBLISHED,0,,,
epgshare-bein1,beIN_SPORTS1_ENGLISH_Digital_Mono_AR.bein,beIN SPORTS EN 1.qa,NOT_PUBLISHED,0,,,
epgshare-bein1,beIN_SPORTS1_ENGLISH_Digital_Mono_EN.bein,beIN SPORTS EN 1.qa,NOT_PUBLISHED,0,,,
epgshare-bein1,beIN_SPORTS2_DIGITAL_Mono_AR.bein,beINSports2.qa@MENA,NOT_PUBLISHED,0,,,
epgshare-bein1,beIN_SPORTS2_DIGITAL_Mono_EN.bein,beIN SPORTS EN 2.qa,NOT_PUBLISHED,0,,,
epgshare-bein1,beIN_SPORTS2_ENGLISH_Digital_Mono_AR.bein,beIN SPORTS EN 2.qa,NOT_PUBLISHED,0,,,
epgshare-bein1,beIN_SPORTS2_ENGLISH_Digital_Mono_EN.bein,beIN SPORTS EN 2.qa,NOT_PUBLISHED,0,,,
epgshare-bein1,beIN_SPORTS3_DIGITAL_Mono_AR.bein,beINSports3.qa@MENA,NOT_PUBLISHED,0,,,
epgshare-bein1,beIN_SPORTS4_DIGITAL_Mono_AR.bein,beINSports4.qa@MENA,NOT_PUBLISHED,0,,,
epgshare-bein1,beIN_SPORTS5_DIGITAL_Mono_AR.bein,beIN SPORTS 5.qa,NOT_PUBLISHED,0,,,
epgshare-bein1,beIN_SPORTS6_DIGITAL_Mono-d-1_AR.bein,beINSports6.qa@MENA,NOT_PUBLISHED,0,,,
epgshare-bein1,beIN_SPORTS7_DIGITAL_Mono_AR.bein,beINSports7.qa@MENA,NOT_PUBLISHED,0,,,
epgshare-bein1,bein_SPORTS_FTA_DIGITAL_Mono_AR.bein,bein SPORTS FTA DIGITAL.qa,NOT_PUBLISHED,0,,,
epgshare-bein1,bein_SPORTS_FTA_DIGITAL_Mono_EN.bein,bein SPORTS FTA DIGITAL.qa,NOT_PUBLISHED,0,,,
epgshare-bein1,beIN_SPORTS_XTRA1_Digital_Mono_AR.bein,beINSportsXtra1.qa@SD,NOT_PUBLISHED,0,,,
epgshare-bein1,beIN_SPORTS_XTRA1_Digital_Mono_EN.bein,beINSportsXtra1.qa@SD,NOT_PUBLISHED,0,,,
epgshare-bein1,beIN_SPORTS_XTRA2_Digital_Mono_AR.bein,beINSportsXtra2.qa@SD,NOT_PUBLISHED,0,,,
epgshare-bein1,beIN_SPORTS_XTRA2_Digital_Mono_EN.bein,beINSportsXtra2.qa@SD,NOT_PUBLISHED,0,,,
epgshare-bein1,beIN_SPORTS_XTRA_04_bein.com_AR.bein,beIN SPORTS XTRA 04 bein.com.qa,NOT_PUBLISHED,0,,,
epgshare-bein1,beIN_SPORTS_XTRA_04_bein.com_EN.bein,beIN SPORTS XTRA 04 bein.com.qa,NOT_PUBLISHED,0,,,
epgshare-bein1,beIN_SPORTS_XTRA_05_bein.com_AR.bein,beIN SPORTS XTRA 05 bein.com.qa,NOT_PUBLISHED,0,,,
epgshare-bein1,beIN_SPORTS_XTRA_05_bein.com_EN.bein,beIN SPORTS XTRA 05 bein.com.qa,NOT_PUBLISHED,0,,,
epgshare-bein1,beIN_SPORTS_XTRA_06_bein.com_AR.bein,beIN_SPORTS_XTRA_06_bein.com_EN.bein,NOT_PUBLISHED,0,,,
epgshare-bein1,beIN_SPORTS_XTRA_07_bein.com_AR.bein,beIN_SPORTS_XTRA_07_bein.com_EN.bein,NOT_PUBLISHED,0,,,
epgshare-bein1,beIN_SPORTS_XTRA_08_Bein.com_AR.bein,beIN_SPORTS_XTRA_08_Bein.com_EN.bein,NOT_PUBLISHED,0,,,
epgshare-bein1,beIN_SPORTS_XTRA_Digital_09_Bein.com_AR.bein,beIN_SPORTS_XTRA_Digital_09_Bein.com_EN.bein,NOT_PUBLISHED,0,,,
epgshare-sa2,EN:.Big.Time.Plus.sa,BigTimePlus.sa@SD,NOT_PUBLISHED,0,,,
epgshare-sa2,EN:.Majid.Almohandis.sa,Majid.ae,NOT_PUBLISHED,0,,,
epgshare-sa2,EN:.MBC.Action.sa,MBCAction.ae@SD,NOT_PUBLISHED,0,,,
epgshare-sa2,EN:.MBC.Masr.2.sa,MBC MASR 2.sa,NOT_PUBLISHED,0,,,
epgshare-sa2,EN:.MBC.Masr.Drama.sa,MBC Masr Drama.eg,NOT_PUBLISHED,0,,,
epgshare-sa2,EN:.MBC.MAX.sa,MBCMax.ae@SD,NOT_PUBLISHED,0,,,
epgshare-sa2,EN:.MBC1.sa,MBC1.ae@SD,NOT_PUBLISHED,0,,,
epgshare-sa2,EN:.MBC3.sa,MBC3.ae@SD,NOT_PUBLISHED,0,,,
epgshare-sa2,EN:.Movies.Action.sa,MoviesAction.sa@SD,NOT_PUBLISHED,0,,,
openepg-egypt1,آي فيلم.eg,iFilmArabic.ir@SD,NOT_PUBLISHED,0,,,
openepg-egypt1,أون إي.eg,OnE.eg@SD,NOT_PUBLISHED,0,,,
openepg-egypt1,أون دراما.eg,OnDrama.eg@SD,NOT_PUBLISHED,0,,,
openepg-egypt1,إل بي سي.eg,LBC.sa@SD,NOT_PUBLISHED,0,,,
openepg-egypt1,إم بي سي دراما +.eg,إم بي سي دراما.eg,NOT_PUBLISHED,0,,,
openepg-egypt1,إم بي سي مصر دراما.eg,MBCMasrDrama.sa@SD,NOT_PUBLISHED,0,,,
openepg-egypt1,الأردن.eg,JordanTV.jo@SD,NOT_PUBLISHED,0,,,
openepg-egypt1,الثانية.eg,Althania.sy@SD,NOT_PUBLISHED,0,,,
openepg-egypt1,الجديد.eg,AlJadeed.lb@SD,NOT_PUBLISHED,0,,,
openepg-egypt1,الحياة.eg,AlhayatTV.eg@SD,NOT_PUBLISHED,0,,,
openepg-egypt1,السعودية.eg,AlSaudiya.sa@SD,NOT_PUBLISHED,0,,,
openepg-egypt1,السومرية.eg,Alsumaria.iq@SD,NOT_PUBLISHED,0,,,
openepg-egypt1,الشرقية.eg,AlSharqiyaMinKabla.ae@SD,NOT_PUBLISHED,0,,,
openepg-egypt1,الشروق الجزائرية.eg,EchoroukTV.dz@SD,NOT_PUBLISHED,0,,,
openepg-egypt1,الظفرة.eg,AlDafrahTV.ae@SD,NOT_PUBLISHED,0,,,
openepg-egypt1,العراقية.eg,AlIraqia.iq@SD,NOT_PUBLISHED,0,,,
openepg-egypt1,الفجيرة.eg,FujairahTV.ae@SD,NOT_PUBLISHED,0,,,
openepg-egypt1,القاهرة والناس 2.eg,AlKaheraWalNas2.eg@SD,NOT_PUBLISHED,0,,,
openepg-egypt1,القاهرة والناس.eg,AlKaheraWalNas.eg@SD,NOT_PUBLISHED,0,,,
openepg-egypt1,النهار دراما.eg,AlNaharDrama.eg@SD,NOT_PUBLISHED,0,,,
openepg-egypt1,النهار.eg,AlNahar.eg@SD,NOT_PUBLISHED,0,,,
openepg-egypt1,بي إن دراما.eg,beINDrama1.qa@SD,NOT_PUBLISHED,0,,,
openepg-egypt1,تلفزيون حضرموت.eg,HadhramautTV.ye@SD,NOT_PUBLISHED,0,,,
openepg-egypt1,دبي زمان.eg,DubaiZaman.ae@SD,NOT_PUBLISHED,0,,,
openepg-egypt1,دجلة.eg,DijlahTV.iq@SD,NOT_PUBLISHED,0,,,
openepg-egypt1,ذكريات.eg,ThikrayatTV.sa@SD,NOT_PUBLISHED,0,,,
openepg-egypt1,روتانا خليجية.eg,RotanaKhalijia.sa@SD,NOT_PUBLISHED,0,,,
openepg-egypt1,روتانا دراما.eg,RotanaDrama.sa@SD,NOT_PUBLISHED,0,,,
openepg-egypt1,روتانا سينما مصر.eg,RotanaCinemaEgypt.eg@SD,NOT_PUBLISHED,0,,,
openepg-egypt1,روتانا كلاسيك.eg,RotanaClassic.sa@SD,NOT_PUBLISHED,0,,,
openepg-egypt1,روتانا كوميدي.eg,RotanaComedy.sa@SD,NOT_PUBLISHED,0,,,
openepg-egypt1,سما دبي.eg,SamaDubai.ae@SD,NOT_PUBLISHED,0,,,
openepg-egypt1,سي بي سي دراما.eg,CBCDrama.eg@SD,NOT_PUBLISHED,0,,,
openepg-egypt1,سي بي سي.eg,CBC.eg@SD,NOT_PUBLISHED,0,,,
openepg-egypt1,صدى البلد 2.eg,SadaElbalad2.eg@SD,NOT_PUBLISHED,0,,,
openepg-egypt1,صدى البلد.eg,SadaElbalad.eg@SD,NOT_PUBLISHED,0,,,
openepg-egypt1,عَمان.eg,AmmanTV.jo@SD,NOT_PUBLISHED,0,,,
openepg-egypt1,ماسة.eg,Masah.sa@SD,NOT_PUBLISHED,0,,,
openepg-egypt1,ميكس بالعربي.eg,MixBelAraby.eg@SD,NOT_PUBLISHED,0,,,
openepg-egypt1,نسمة.eg,NessmaElJadida.tn@SD,NOT_PUBLISHED,0,,,
openepg-egypt2,Abu Dhabi TV.eg,AbuDhabiTV.ae,NOT_PUBLISHED,0,,,
openepg-egypt2,Al Dafrah.eg,Al Dafrah.sa,NOT_PUBLISHED,0,,,
openepg-egypt2,Al Nahar Drama.eg,Al Nahar Drama.sa,NOT_PUBLISHED,0,,,
openepg-egypt2,Al Nahar TV.eg,Al Nahar TV.sa,NOT_PUBLISHED,0,,,
openepg-egypt2,CBC Drama.eg,CBC Drama.sa,NOT_PUBLISHED,0,,,
openepg-egypt2,CBC.eg,CBC.sa,NOT_PUBLISHED,0,,,
openepg-egypt2,DMC.eg,DMC.eg@SD,NOT_PUBLISHED,0,,,
openepg-egypt2,Jordan TV.eg,Jordan TV.sa,NOT_PUBLISHED,0,,,
openepg-egypt2,LBC.eg,LBC.sa,PASS,29,mena-sa,العنكبوت,بنات همام:الحلقة 15
openepg-egypt2,LTV.eg,LTV.sa,NOT_PUBLISHED,0,,,
openepg-egypt2,MBC 2.eg,MBC2.ae@SD,NOT_PUBLISHED,0,,,
openepg-egypt2,MBC 3.eg,MBC3.ae@SD,NOT_PUBLISHED,0,,,
openepg-egypt2,MBC 4.eg,MBC4.ae@SD,NOT_PUBLISHED,0,,,
openepg-egypt2,MBC 5.eg,MBC5.ae@SD,NOT_PUBLISHED,0,,,
openepg-egypt2,MBC Action.eg,MBCAction.ae@SD,NOT_PUBLISHED,0,,,
openepg-egypt2,MBC Bollywood.eg,MBCBollywood.ae@SD,NOT_PUBLISHED,0,,,
openepg-egypt2,MBC Drama +.eg,MBCDrama.ae@SD,NOT_PUBLISHED,0,,,
openepg-egypt2,MBC Drama.eg,MBCDrama.ae@SD,NOT_PUBLISHED,0,,,
openepg-egypt2,MBC Iraq.eg,MBCIraq.iq@SD,NOT_PUBLISHED,0,,,
openepg-egypt2,MBC MASR 2.eg,MBC MASR 2.sa,NOT_PUBLISHED,0,,,
openepg-egypt2,MBC MAX.eg,MBCMax.ae@SD,NOT_PUBLISHED,0,,,
openepg-egypt2,OSN TV Crime.eg,OSNtv Crime.sa,NOT_PUBLISHED,0,,,
openepg-egypt2,OSN TV Kids.eg,OSNKids.ae@SD,NOT_PUBLISHED,0,,,
openepg-egypt2,OSN TV Movies Action.eg,OSNMoviesAction.ae@SD,NOT_PUBLISHED,0,,,
openepg-egypt2,OSN TV Movies Comedy.eg,OSNtv Movies Comedy.sa,NOT_PUBLISHED,0,,,
openepg-egypt2,OSN TV Movies Family.eg,OSNtv Movies Family.sa,NOT_PUBLISHED,0,,,
openepg-egypt2,OSN TV Movies Hollywood.eg,OSNMoviesHollywood.ae@SD,NOT_PUBLISHED,0,,,
openepg-egypt2,OSN TV Movies Premiere.eg,OSNMoviesPremiere.ae@SD,NOT_PUBLISHED,0,,,
openepg-egypt2,OSN TV One.eg,OSNtv One.sa,NOT_PUBLISHED,0,,,
openepg-egypt2,OSN TV Showcase.eg,OSNShowcase.ae@SD,NOT_PUBLISHED,0,,,
openepg-egypt2,OSN TV Yahala Bil Arabi.eg,OSNYahalaBilArabi.ae@SD,NOT_PUBLISHED,0,,,
openepg-egypt2,Rotana Cinema Masr.eg,Rotana Cinema Masr.sa,NOT_PUBLISHED,0,,,
openepg-egypt2,Rotana Cinema.eg,Rotana Cinema HD.sa,NOT_PUBLISHED,0,,,
openepg-egypt2,Rotana Classic.eg,Rotana Classic HD.sa,NOT_PUBLISHED,0,,,
openepg-egypt2,Rotana Comedy.eg,Rotana Comedy.sa,NOT_PUBLISHED,0,,,
openepg-egypt2,Rotana Drama.eg,Rotana Drama HD.sa,NOT_PUBLISHED,0,,,
openepg-egypt2,Roya.eg,Roya.sa,NOT_PUBLISHED,0,,,
openepg-egypt2,Sama Dubai.eg,Sama Dubai.sa,NOT_PUBLISHED,0,,,
openepg-egypt2,SBC.eg,SBC.sa@SD,NOT_PUBLISHED,0,,,
openepg-egypt2,Sharjah TV.eg,Sharjah TV.sa,NOT_PUBLISHED,0,,,
openepg-egypt2,Zee alwan.eg,Zee Alwan.sa,NOT_PUBLISHED,0,,,
openepg-qatar1,beIN 4K.qa,beIN4K.qa@SD,NOT_PUBLISHED,0,,,
openepg-qatar1,beIN SPORTS 2.qa,beINSports2.qa@MENA,NOT_PUBLISHED,0,,,
openepg-qatar1,beIN SPORTS 3.qa,beINSports3.qa@MENA,NOT_PUBLISHED,0,,,
openepg-qatar1,beIN SPORTS 4.qa,beINSports4.qa@MENA,NOT_PUBLISHED,0,,,
openepg-qatar1,beIN SPORTS 6.qa,beINSports6.qa@MENA,NOT_PUBLISHED,0,,,
openepg-qatar1,beIN SPORTS 7.qa,beINSports7.qa@MENA,NOT_PUBLISHED,0,,,
openepg-qatar1,beIN SPORTS 8.qa,beINSports8.qa@MENA,NOT_PUBLISHED,0,,,
openepg-qatar1,beIN SPORTS 9.qa,beINSports9.qa@MENA,NOT_PUBLISHED,0,,,
openepg-qatar1,beIN SPORTS MAX 1.qa,beIN SPORTS MAX1 DIGITAL.qa,NOT_PUBLISHED,0,,,
openepg-qatar1,beIN SPORTS XTRA 1.qa,beINSportsXtra1.qa@SD,NOT_PUBLISHED,0,,,
openepg-qatar1,beIN SPORTS XTRA 2.qa,beINSportsXtra2.qa@SD,NOT_PUBLISHED,0,,,
openepg-qatar2,2023 Alkass 1.qa,Alkass One.qa,NOT_PUBLISHED,0,,,
openepg-qatar2,2023 Alkass 2.qa,Alkass Two.qa,NOT_PUBLISHED,0,,,
openepg-qatar2,2023 Alkass 3.qa,Alkass Three.qa,NOT_PUBLISHED,0,,,
openepg-qatar2,2023 Alkass 4.qa,Alkass Four.qa,NOT_PUBLISHED,0,,,
openepg-qatar2,2023 Alkass 5.qa,Alkass Five.qa,NOT_PUBLISHED,0,,,
openepg-qatar2,beIN SPORTS6 DIGITAL -d-1.qa,beINSports6.qa@MENA,NOT_PUBLISHED,0,,,
openepg-qatar3,beIN SPORTS MAX2 DIGITAL.qa,beIN SPORTS MAX 2.qa,NOT_PUBLISHED,0,,,
openepg-qatar3,beIN SPORTS MAX3 DIGITAL.qa,beIN SPORTS MAX 3.qa,NOT_PUBLISHED,0,,,
openepg-qatar3,beIN SPORTS MAX4 DIGITAL.qa,beIN SPORTS MAX 4.qa,NOT_PUBLISHED,0,,,
openepg-qatar3,beIN SPORTS MAX5 DIGITAL.qa,beIN SPORTS MAX 5.qa,NOT_PUBLISHED,0,,,
openepg-qatar3,beIN SPORTS XTRA1 Digital.qa,beINSportsXtra1.qa@SD,NOT_PUBLISHED,0,,,
openepg-qatar3,beIN SPORTS XTRA2 Digital.qa,beINSportsXtra2.qa@SD,NOT_PUBLISHED,0,,,
openepg-qatar3,beIN SPORTS1 DIGITAL.qa,beIN SPORTS 1.qa,NOT_PUBLISHED,0,,,
openepg-qatar3,beIN SPORTS1 ENGLISH Digital.qa,beIN SPORTS EN 1.qa,NOT_PUBLISHED,0,,,
openepg-qatar3,beIN SPORTS2 DIGITAL.qa,beINSports2.qa@MENA,NOT_PUBLISHED,0,,,
openepg-qatar3,beIN SPORTS2 ENGLISH Digital.qa,beIN SPORTS EN 2.qa,NOT_PUBLISHED,0,,,
openepg-qatar3,beIN SPORTS3 DIGITAL.qa,beINSports3.qa@MENA,NOT_PUBLISHED,0,,,
openepg-qatar3,beIN SPORTS4 DIGITAL.qa,beINSports4.qa@MENA,NOT_PUBLISHED,0,,,
openepg-qatar3,beIN SPORTS5 DIGITAL.qa,beIN SPORTS 5.qa,NOT_PUBLISHED,0,,,
openepg-qatar3,beIN SPORTS7 DIGITAL.qa,beINSports7.qa@MENA,NOT_PUBLISHED,0,,,
openepg-qatar3,beINSPORTS8.qa,beINSports8.qa@MENA,NOT_PUBLISHED,0,,,
openepg-qatar3,beINSPORTS9.qa,beINSports9.qa@MENA,NOT_PUBLISHED,0,,,
openepg-qatar4,HGTV.qa,HGTV.sa,NOT_PUBLISHED,0,,,
openepg-saudi2,Abu Dhabi.sa,AbuDhabiTV.ae,NOT_PUBLISHED,0,,,
openepg-saudi2,AD Sports 1.sa,AbuDhabiSports1.ae,NOT_PUBLISHED,0,,,
openepg-saudi2,AD Sports 2.sa,AbuDhabiSports2.ae,NOT_PUBLISHED,0,,,
openepg-saudi2,AD Sports Premium 1.sa,ADSportsPremium1.ae,NOT_PUBLISHED,0,,,
openepg-saudi2,AD Sports Premium 2.sa,ADSportsPremium2.ae,NOT_PUBLISHED,0,,,
openepg-saudi2,Al Arabiya HD.sa,Al Arabiya.sa,NOT_PUBLISHED,0,,,
openepg-saudi2,Al Emarat.sa,AbuDhabiEmirates.ae,NOT_PUBLISHED,0,,,
openepg-saudi2,Asharq Documentary.sa,AsharqDocumentary.sa@SD,NOT_PUBLISHED,0,,,
openepg-saudi2,Asharq.sa,EN:.Asharq.sa,NOT_PUBLISHED,0,,,
openepg-saudi2,CNN.sa,CNNInternational.us@MENA,NOT_PUBLISHED,0,,,
openepg-saudi2,Majid.sa,Majid.ae,NOT_PUBLISHED,0,,,
openepg-saudi2,MBC MASR.sa,MBCMasr.eg@SD,NOT_PUBLISHED,0,,,
openepg-saudi2,MBC+ Drama HD.sa,MBCDrama.ae@SD,NOT_PUBLISHED,0,,,
openepg-saudi2,SBC.sa,SBC.sa@SD,NOT_PUBLISHED,0,,,
openepg-saudi2,Ten.sa,TeN.eg@SD,NOT_PUBLISHED,0,,,
openepg-saudi4,Abu Dhabi Sports 1 HD.sa,AbuDhabiSports1.ae,NOT_PUBLISHED,0,,,
openepg-saudi4,Abu Dhabi Sports 2 HD.sa,AbuDhabiSports2.ae,NOT_PUBLISHED,0,,,
openepg-saudi4,MBC 1 HD.sa,MBC1.ae@SD,NOT_PUBLISHED,0,,,
openepg-saudi4,MBC 2 HD.sa,MBC2.ae@SD,NOT_PUBLISHED,0,,,
openepg-saudi4,MBC 3 HD.sa,MBC3.ae@SD,NOT_PUBLISHED,0,,,
openepg-saudi4,MBC 4 HD.sa,MBC4.ae@SD,NOT_PUBLISHED,0,,,
openepg-saudi4,MBC Action HD.sa,MBCAction.ae@SD,NOT_PUBLISHED,0,,,
openepg-saudi4,MBC Bollywood.sa,MBCBollywood.ae@SD,NOT_PUBLISHED,0,,,
openepg-saudi4,MBC Drama HD.sa,MBCDrama.ae@SD,NOT_PUBLISHED,0,,,
openepg-saudi4,MBC Iraq HD.sa,MBCIraq.iq@SD,NOT_PUBLISHED,0,,,
openepg-saudi4,MBC Max HD.sa,MBCMax.ae@SD,NOT_PUBLISHED,0,,,
openepg-saudi4,MBC Plus Drama HD.sa,MBCPlusDrama.sa@SD,NOT_PUBLISHED,0,,,
openepg-saudi5,DMC HD.sa,DMC.eg@SD,NOT_PUBLISHED,0,,,
openepg-saudi5,MBC Iraq.sa,MBCIraq.iq@SD,NOT_PUBLISHED,0,,,
openepg-saudi5,MBC Masr.sa,MBCMasr.eg@SD,NOT_PUBLISHED,0,,,
openepg-saudi5,MBC Masr2.sa,MBCMasr2.eg@SD,NOT_PUBLISHED,0,,,
openepg-saudi6,Abu Dhabi TV HD.sa,AbuDhabiTV.ae,NOT_PUBLISHED,0,,,
openepg-saudi6,AD Sports 1 HD.sa,AbuDhabiSports1.ae,NOT_PUBLISHED,0,,,
openepg-saudi6,Al Araby TV.sa,AlArabyTV.qa@SD,NOT_PUBLISHED,0,,,
openepg-saudi6,Al Hadath.sa,AlHadath.sa@SD,NOT_PUBLISHED,0,,,
openepg-saudi6,Al Kass One.sa,Alkass One.qa,NOT_PUBLISHED,0,,,
openepg-saudi6,Al Quran Al Kareem TV HD.sa,AlQuranAlKareemTV.sa@SD,NOT_PUBLISHED,0,,,
openepg-saudi6,Animal Planet HD.sa,AnimalPlanetEurope.uk@SD,NOT_PUBLISHED,0,,,
openepg-saudi6,Bahrain TV.sa,BahrainTV.bh@SD,NOT_PUBLISHED,0,,,
openepg-saudi6,BBC World.sa,BBCArabic.uk@SD,NOT_PUBLISHED,0,,,
openepg-saudi6,Blippi and Friends.sa,Blippi And Friends.sa,NOT_PUBLISHED,0,,,
openepg-saudi6,Bloomberg Originals.sa,BloombergOriginals.us@SD,NOT_PUBLISHED,0,,,
openepg-saudi6,C And I.sa,CrimePlusInvestigation.us@SD,NOT_PUBLISHED,0,,,
openepg-saudi6,Cartoon Network HD.sa,CartoonNetworkMENA.uk@SD,NOT_PUBLISHED,0,,,
openepg-saudi6,CN Arabia.sa,CartoonNetworkArabic.ae@SD,NOT_PUBLISHED,0,,,
openepg-saudi6,CNN HD.sa,CNNInternational.us@MENA,NOT_PUBLISHED,0,,,
openepg-saudi6,Discovery Channel HD.sa,DiscoveryChannelMiddleEastAfrica.us@SD,NOT_PUBLISHED,0,,,
openepg-saudi6,Discovery IDX HD.sa,InvestigationDiscovery.uk@SD,NOT_PUBLISHED,0,,,
openepg-saudi6,Dubai TV HD.sa,DubaiTV.ae@SD,NOT_PUBLISHED,0,,,
openepg-saudi6,Gametoon.sa,Gametoon.nl@SD,NOT_PUBLISHED,0,,,
openepg-saudi6,Ginx.sa,GINXTV.uk@SD,NOT_PUBLISHED,0,,,
openepg-saudi6,History HD.sa,HistoryMiddleEast.us@SD,NOT_PUBLISHED,0,,,
openepg-saudi6,KSA Sports 1 HD.sa,KSASports1.sa@SD,NOT_PUBLISHED,0,,,
openepg-saudi6,MBC 1.sa,MBC1.ae@SD,NOT_PUBLISHED,0,,,
openepg-saudi6,MBC 3.sa,MBC3.ae@SD,NOT_PUBLISHED,0,,,
openepg-saudi6,MBC Drama.sa,MBCDrama.ae@SD,NOT_PUBLISHED,0,,,
openepg-saudi6,MCM TOP.sa,MCMTop.fr@SD,NOT_PUBLISHED,0,,,
openepg-saudi6,Moonbug Kids.sa,MoonbugKids.uk@SD,NOT_PUBLISHED,0,,,
openepg-saudi6,MOTORVISION.sa,MotorvisionPlus.de@SD,NOT_PUBLISHED,0,,,
openepg-saudi6,Nick Jr HD.sa,NickJrArabia.ae@SD,NOT_PUBLISHED,0,,,
openepg-saudi6,Nickelodeon HD.sa,NickelodeonArabia.ae@SD,NOT_PUBLISHED,0,,,
openepg-saudi6,NickToons HD.sa,NicktoonsArabia.ae@SD,NOT_PUBLISHED,0,,,
openepg-saudi6,Oman TV Sport.sa,Oman.TV.Sport.HD.ae,NOT_PUBLISHED,0,,,
openepg-saudi6,Oman TV.sa,OmanTV.om@SD,NOT_PUBLISHED,0,,,
openepg-saudi6,OSNtv Comedy.sa,OSNComedy.ae@SD,NOT_PUBLISHED,0,,,
openepg-saudi6,OSNtv Kids.sa,OSNKids.ae@SD,NOT_PUBLISHED,0,,,
openepg-saudi6,OSNtv Mezze.sa,OSNMezze.ae@SD,NOT_PUBLISHED,0,,,
openepg-saudi6,OSNtv Movies Action.sa,OSNMoviesAction.ae@SD,NOT_PUBLISHED,0,,,
openepg-saudi6,OSNtv Movies Hollywood.sa,OSNMoviesHollywood.ae@SD,NOT_PUBLISHED,0,,,
openepg-saudi6,OSNtv Movies Premiere.sa,OSNMoviesPremiere.ae@SD,NOT_PUBLISHED,0,,,
openepg-saudi6,OSNtv Showcase.sa,OSNShowcase.ae@SD,NOT_PUBLISHED,0,,,
openepg-saudi6,OSNtv Yahala Aflam.sa,OSNYahalaAflam.ae@SD,NOT_PUBLISHED,0,,,
openepg-saudi6,OSNtv Yahala Bil Arabi.sa,OSNYahalaBilArabi.ae@SD,NOT_PUBLISHED,0,,,
openepg-saudi6,OSNtv Yahala.sa,OSNYahala.ae@SD,NOT_PUBLISHED,0,,,
openepg-saudi6,RFM TV.sa,RFMTV.fr@SD,NOT_PUBLISHED,0,,,
openepg-saudi6,Roya TV HD.sa,RoyaTV.jo@SD,NOT_PUBLISHED,0,,,
openepg-saudi6,RT Arabic.sa,RTArabic.ru@SD,NOT_PUBLISHED,0,,,
openepg-saudi6,RT English.sa,RT.ru@SD,NOT_PUBLISHED,0,,,
openepg-saudi6,Sky News Arabia HD.sa,SkyNewsArabia.ae@SD,NOT_PUBLISHED,0,,,
openepg-saudi6,TLC HD.sa,TLCArabia.us@SD,NOT_PUBLISHED,0,,,
openepg-uae6,MBC Action.ae,MBCAction.ae@SD,NOT_PUBLISHED,0,,,
openepg-uae6,MBC MAX.ae,MBCMax.ae@SD,NOT_PUBLISHED,0,,,
openepg-uae6,MBC Persia.ae,MBCPersia.ae@SD,NOT_PUBLISHED,0,,,
openepg-uae6,MBC2.ae,MBC2.ae@SD,NOT_PUBLISHED,0,,,
openepg-uae6,MBC3.ae,MBC3.ae@SD,NOT_PUBLISHED,0,,,
openepg-uae6,MBC4.ae,MBC4.ae@SD,NOT_PUBLISHED,0,,,
openepg-uae6,MBC5.ae,MBC5.ae@SD,NOT_PUBLISHED,0,,,
openepg-uae6,Movies Action.ae,MoviesAction.sa@SD,NOT_PUBLISHED,0,,,
openepg-uae6,أفلام.ae,Aflam.sa@SD,NOT_PUBLISHED,0,,,
openepg-uae6,الشرق.ae,AsharqNews.sa@SD,NOT_PUBLISHED,0,,,
openepg-uae6,العربية Business.ae,AlArabiyaBusiness.ae@SD,NOT_PUBLISHED,0,,,
openepg-uae6,العربية.ae,Alarabiya.ae@SD,NOT_PUBLISHED,0,,,
openepg-uae6,رابح صقر.ae,RabehSaqer.sa@HD,NOT_PUBLISHED,0,,,
openepg-uae6,فيروز.ae,Fairuz.sa@HD,NOT_PUBLISHED,0,,,
openepg-uae6,قناة باب الحارة.ae,BabAlHara.sa@SD,NOT_PUBLISHED,0,,,
openepg-uae6,قناة مرايا.ae,Maraya.sa@HD,NOT_PUBLISHED,0,,,
primary,AbuDhabiSports1.ae@SD,AbuDhabiSports1.ae,NOT_PUBLISHED,0,,,
primary,AbuDhabiTV.ae@SD,AbuDhabiTV.ae,NOT_PUBLISHED,0,,,
primary,MBC1Egypt.eg@HD,MBC1USA.us@SD,NOT_PUBLISHED,0,,,
primary,MBCDramaUSA.us@SD,MBCDrama.ae@SD,NOT_PUBLISHED,0,,,
primary,MBCMasrUSA.us@SD,MBCMasr.eg@SD,NOT_PUBLISHED,0,,,
