shard,id,name,verdict,score,auto_lock,events,coverage_h,span_h,gaps_gt_2h,empty_desc,title_ar_pct,title_latin_pct,desc_ar_pct,feed_country,issues,warnings,preview_1,preview_2
provider-alkass,2023 Alkass 2.qa,2023 Alkass 2.qa,REVIEW,84,0,15,15.23,15.23,0,0,0.0,100.0,100.0,qa,,STALE_YEAR_IN_ID; ARABIC_PROVIDER_TITLE_AR_LOW=0%,Ostudio Al Khayl,King of the Court Beach Volleyball Championship
provider-alkass,2023 Alkass 3.qa,2023 Alkass 3.qa,REVIEW,84,0,16,19.48,20.0,0,0,0.0,100.0,100.0,qa,,STALE_YEAR_IN_ID; ARABIC_PROVIDER_TITLE_AR_LOW=0%,Botoulat Asia Lel Shabab Lekorat Al Yad,Dawry Nojom Qatar
provider-alkass,2023 Alkass 4.qa,2023 Alkass 4.qa,REVIEW,76,0,10,14.98,14.98,0,0,0.0,100.0,100.0,qa,,LONG_GT_6H=1; STALE_YEAR_IN_ID; ARABIC_PROVIDER_TITLE_AR_LOW=0%,Dawry Al Darajah Al Thanya Al Qatary,FIBA World Basketball
provider-alkass,2023 Alkass 5.qa,2023 Alkass 5.qa,REVIEW,84,0,15,15.23,15.23,0,0,0.0,100.0,100.0,qa,,STALE_YEAR_IN_ID; ARABIC_PROVIDER_TITLE_AR_LOW=0%,HORSE RACE STUDIO,King of the Court Volleyball Championship
provider-alkass,2023 Alkass 6.qa,2023 Alkass 6.qa,REVIEW,92,0,40,42.47,43.5,0,0,100.0,0.0,100.0,qa,,STALE_YEAR_IN_ID,المجلس,الحصيلة
provider-alkass,2023 Alkass 7.qa,2023 Alkass 7.qa,REVIEW,92,0,43,45.22,46.25,0,0,100.0,0.0,100.0,qa,,STALE_YEAR_IN_ID,معرض كتارا الدولي للصيد والصقور سهيل,أخبار
provider-alkass,2023 Alkass 8.qa,2023 Alkass 8.qa,REVIEW,92,0,32,41.97,43.0,0,0,100.0,0.0,100.0,qa,,STALE_YEAR_IN_ID,سبورت كونفدينشيال,دوري نجوم قطر
provider-alkass,Al Kass One.sa,Al Kass One.sa,REVIEW,92,0,19,19.5,47.0,1,0,100.0,0.0,100.0,sa,,GAPS_GT_2H=1/TOTAL=27.5h,جرايد,بطولة آسيا للشباب لكرة ...
provider-alkass,AlkassFive.qa@SD,Alkass Five,PASS,100,1,10,11.0,11.0,0,0,100.0,0.0,100.0,qa,,,جرايد,تواصل
provider-bein,4k_DIGITAL_Mono_AR.bein,4k_DIGITAL_Mono_AR,REVIEW,92,0,18,34.98,34.98,0,0,77.8,100.0,100.0,,,DUPLICATE_TIMELINE_GROUP=2; DUPLICATE_TIMELINE_UNRELATED,Live : rpool v Fulham - الدوري الإنجليزي الممتاز,Sunderland v Arsenal - الدوري الإنجليزي الممتاز
provider-bein,beIN Drama.eg,beIN Drama.eg,REVIEW,84,0,12,11.0,11.0,0,12,8.3,100.0,0.0,eg,,EMPTY_DESC=12(100%); PREMIUM_AR_DESC_LOW=0%,Basmet Hada,El Qatel Allazy Ahabany
provider-bein,BEIN MOVIES ACTION.eg,BEIN MOVIES ACTION.eg,REVIEW,84,0,24,46.25,46.25,0,24,0.0,100.0,0.0,eg,,EMPTY_DESC=24(100%); PREMIUM_AR_DESC_LOW=0%,Reawakening,Star Trek
provider-bein,BEIN MOVIES DRAMA.eg,BEIN MOVIES DRAMA.eg,REVIEW,84,0,26,47.77,47.77,0,26,0.0,100.0,0.0,eg,,EMPTY_DESC=26(100%); PREMIUM_AR_DESC_LOW=0%,Forrest Gump,A Beautiful Mind
provider-bein,BEIN MOVIES FAMILY.eg,BEIN MOVIES FAMILY.eg,REVIEW,84,0,27,45.75,45.75,0,27,0.0,100.0,0.0,eg,,EMPTY_DESC=27(100%); PREMIUM_AR_DESC_LOW=0%,Goosebumps,The Smurfs
provider-bein,BEIN MOVIES PREMIERE.eg,BEIN MOVIES PREMIERE.eg,REVIEW,84,0,25,46.27,46.27,0,25,0.0,100.0,0.0,eg,,EMPTY_DESC=25(100%); PREMIUM_AR_DESC_LOW=0%,Adulthood,Dear Santa
provider-bein,BeIn Series HD 1.eg,BeIn Series HD 1.eg,REVIEW,84,0,11,11.0,11.0,0,11,0.0,81.8,0.0,eg,,EMPTY_DESC=11(100%); PREMIUM_AR_DESC_LOW=0%,1883,Yellowjackets S2
provider-bein,beIN Series HD 2.eg,beIN Series HD 2.eg,REVIEW,84,0,13,11.42,11.42,0,13,0.0,100.0,0.0,eg,,EMPTY_DESC=13(100%); PREMIUM_AR_DESC_LOW=0%,Dexter S6,From
provider-bein,beIN SPORTS 1.qa,beIN SPORTS 1.qa,PASS,100,1,35,42.17,42.17,0,0,88.6,100.0,100.0,qa,,,EPL Stories - قصص الدوري الإنجليزي الممتاز 2026/2027 EP.9 - Kevin Keegan,China vs Hong Kong - Football Women's - Asian Games Aichi-Nagoya 2026 - FBL03
provider-bein,beIN SPORTS EN 1.qa,beIN SPORTS EN 1.qa,PASS,100,1,39,44.17,44.17,0,0,76.9,100.0,100.0,qa,,,Manchester United vs Manchester City - الدوري الإنجليزي الممتاز,Japan vs Thailand - Football Women's - Asian Games Aichi-Nagoya 2026 - FBL01
provider-bein,beIN SPORTS EN 2.qa,beIN SPORTS EN 2.qa,PASS,100,1,34,43.75,43.75,0,0,29.4,100.0,100.0,qa,,,Premier Padel Highlights - ملخص 2026 - Madrid P1,Chinese Taipei vs Vietnam - Football Women's - Asian Games Aichi-Nagoya 2026 - FBL01
provider-bein,bein SPORTS FTA DIGITAL.qa,bein SPORTS FTA DIGITAL.qa,PASS,100,1,26,44.17,44.67,0,0,0.0,100.0,100.0,qa,,,China vs Philippines - Basketball Men - Asian Games Aichi-Nagoya 2026 - BKB06,Chinese Taipei vs Vietnam - Football Women's - Asian Games Aichi-Nagoya 2026 - FBL01
provider-bein,beIN SPORTS NEWS.qa,beIN SPORTS NEWS.qa,PASS,100,1,75,43.0,43.0,0,0,32.0,100.0,100.0,qa,,,The Issue of The Day,Al Hassad
provider-bein,beIN SPORTS-boxoffice-bein.com.qa,beIN SPORTS-boxoffice-bein.com.qa,PASS,100,1,25,41.72,42.75,0,0,0.0,100.0,100.0,qa,,,Echoes of War,Perrier's Bounty
provider-bein,beIN SPORTS.qa,beIN SPORTS.qa,REVIEW,92,0,21,42.75,42.75,0,0,0.0,100.0,100.0,qa,,LONG_GT_6H=1,Arab Participation In Asian Games,Asian Sports Discipline
provider-bein,beIN4K.qa@SD,beIN 4K,REVIEW,92,0,18,34.98,34.98,0,0,77.8,100.0,100.0,qa,,DUPLICATE_TIMELINE_GROUP=2; DUPLICATE_TIMELINE_UNRELATED,Live : rpool v Fulham - الدوري الإنجليزي الممتاز,Sunderland v Arsenal - الدوري الإنجليزي الممتاز
provider-bein,beIN_SPORTS3_DIGITAL_Mono_EN.bein,beIN_SPORTS3_DIGITAL_Mono_EN,REVIEW,92,0,13,28.75,50.75,1,0,0.0,100.0,100.0,,,GAPS_GT_2H=1/TOTAL=22.0h,West Ham Utd vs Wrexham,Levante vs Barcelona
provider-bein,beIN_SPORTS4_DIGITAL_Mono_EN.bein,beIN_SPORTS4_DIGITAL_Mono_EN,REVIEW,92,0,14,27.67,49.25,1,0,14.3,100.0,100.0,,,GAPS_GT_2H=1/TOTAL=21.6h,Al Qadsiah (KSA) vs Al Wasl (UAE),Lorient vs Toulouse
provider-bein,beIN_SPORTS5_DIGITAL_Mono_EN.bein,beIN_SPORTS5_DIGITAL_Mono_EN,PASS,100,1,17,40.25,40.25,0,0,5.9,100.0,100.0,,,,Auxerre vs Nice,Villarreal vs Real Betis
provider-bein,beIN_SPORTS7_DIGITAL_Mono_EN.bein,beIN_SPORTS7_DIGITAL_Mono_EN,REVIEW,92,0,12,30.25,51.25,1,0,0.0,100.0,100.0,,,GAPS_GT_2H=1/TOTAL=21.0h,Christian Harrison (USA) vs Xinran Sun (CHN) vs Neal Skupski (GBR) vs Kevin Krawietz (GER),Katerina Siniakova (CZE) vs Taylor Townsend (USA) vs Ashlyn Krueger (USA) vs Robin Montgomery (USA)
provider-bein,beINDrama1.qa@SD,بي إن دراما,REVIEW,84,0,12,11.0,11.0,0,1,100.0,8.3,100.0,qa,,EMPTY_DESC=1(8%); PREMIUM_TITLE_LATIN_LOW=8%,بصمة حدا,القاتل الذي أحبني
provider-bein,beINGourmet.qa@SD,beINGOURMET,REVIEW,84,0,11,11.0,11.0,0,11,100.0,72.7,0.0,qa,,EMPTY_DESC=11(100%); PREMIUM_AR_DESC_LOW=0%,E25 | S1 طبلية,E8 | S1 عزابي
provider-bein,beINMovies1Premiere.qa@SD,beINMOVIES1,REVIEW,76,0,18,35.02,35.02,0,18,100.0,0.0,0.0,qa,,EMPTY_DESC=18(100%); PREMIUM_TITLE_LATIN_LOW=0%; PREMIUM_AR_DESC_LOW=0%,البلوغ,دير سانتا
provider-bein,beINMovies2Action.qa@SD,beINMOVIES2,REVIEW,76,0,19,35.5,35.5,0,19,100.0,0.0,0.0,qa,,EMPTY_DESC=19(100%); PREMIUM_TITLE_LATIN_LOW=0%; PREMIUM_AR_DESC_LOW=0%,عودة الشاردة,ستار تريك
provider-bein,beINMovies3Drama.qa@SD,beINMOVIES3,REVIEW,76,0,19,36.0,36.0,0,19,100.0,15.8,0.0,qa,,EMPTY_DESC=19(100%); PREMIUM_TITLE_LATIN_LOW=16%; PREMIUM_AR_DESC_LOW=0%,فورست جامب,العبقري
provider-bein,beINMovies4Family.qa@SD,beINMOVIES4,REVIEW,76,0,7,12.5,12.5,0,7,100.0,0.0,0.0,qa,,EMPTY_DESC=7(100%); PREMIUM_TITLE_LATIN_LOW=0%; PREMIUM_AR_DESC_LOW=0%,مقدر له أن يركب,مغامرات شاركبوي ولافا جيرل
provider-bein,beINSeries1.qa@SD,beINSERIES1,REVIEW,84,0,12,11.17,11.17,0,12,100.0,83.3,0.0,qa,,EMPTY_DESC=12(100%); PREMIUM_AR_DESC_LOW=0%,E8 | S1 1883,يلوجاكيتس S2
provider-bein,beINSeries2.qa@SD,بي إن سيريس إتش...,PASS,100,1,10,8.5,8.5,0,0,100.0,100.0,100.0,qa,,,Black Clover S3,NCIS: Sydney S3
provider-bein,beINSports2.qa@MENA,beINSPORTS2,REVIEW,92,0,23,45.75,45.75,0,0,87.0,100.0,100.0,qa,,LONG_GT_6H=1,Sunderland vs Arsenal - الدوري الإنجليزي الممتاز,Live : rpool vs Fulham - الدوري الإنجليزي الممتاز
provider-bein,beINSports3.qa@MENA,beINSPORTS3,PASS,100,1,25,44.48,44.48,0,0,96.0,100.0,100.0,qa,,,Getafe vs Deportivo La Coruna - الدوري الإسباني,Levante vs Barcelona - الدوري الإسباني
provider-bein,beINSports4.qa@MENA,beINSPORT4,PASS,100,1,24,42.62,42.62,0,0,75.0,100.0,100.0,qa,,,Chelsea vs Hull City - الدوري الإنجليزي الممتاز,Osasuna vs Espanyol - الدوري الإسباني
provider-bein,beINSports5.qa@MENA,beINSPORTS5,PASS,100,1,20,45.93,45.93,0,0,60.0,100.0,100.0,qa,,,Valladolid vs Oviedo - الدوري الإسباني Hypermotion,Getafe vs Deportivo La Coruna - الدوري الإسباني
provider-bein,beINSports6.qa@MENA,beINSPORTS6,REVIEW,92,0,20,36.25,39.08,1,0,40.0,100.0,100.0,qa,,GAPS_GT_2H=1/TOTAL=2.8h,Premier Padel - Paris Major - Claudia Fernandez Sanchez Esp Martina Calvo Esp vs Ariana Sanchez Fall,Premier Padel - Paris Major - Agustin Tapia Arg Arturo Coello Esp vs Alejandro Galan Esp Federico C
provider-bein,beINSports7.qa@MENA,beINSPORTS7,PASS,100,1,18,44.58,44.58,0,0,0.0,100.0,100.0,qa,,,Ghana vs France - FIFA U-20 Women World Cup,China vs Spain - FIFA U-20 Women World Cup
provider-bein,beINSports8.qa@MENA,beINSPORTS8,PASS,100,1,30,43.0,43.0,0,0,6.7,100.0,100.0,qa,,,Sprint Race - Madrid Round - FIA Formula 3 Championship,Sprint Race - Madrid Round - FIA Formula 2 Championship
provider-bein,beINSports9.qa@MENA,beINSPORTS9,PASS,100,1,33,42.58,42.58,0,0,0.0,100.0,100.0,qa,,,M1 Qterminals Qatar Classic 2026 - Glass Court,M2 Qterminals Qatar Classic 2026 - Glass Court
provider-bein,beINSPORTSXTRA3.qa,beINSPORTSXTRA3.qa,REVIEW,84,0,14,17.0,18.0,0,0,0.0,100.0,100.0,qa,,GENERIC_GUIDE=79%; REPEATED_TITLE=79%,beIN SPORTS XTRA For Live And Exclusive Coverage of Premium Sporting Events - August,beIN SPORTS XTRA For Live And Exclusive Coverage of Premium Sporting Events - August
provider-bein,NEWS_DIGITAL_Mono_AR.bein,NEWS_DIGITAL_Mono_AR,REVIEW,92,0,69,39.0,39.0,0,0,100.0,100.0,100.0,,,DUPLICATE_TIMELINE_GROUP=2,Super Monday,Al Hassad
provider-bein,NEWS_DIGITAL_Mono_EN.bein,NEWS_DIGITAL_Mono_EN,REVIEW,92,0,69,39.0,39.0,0,0,33.3,100.0,100.0,,,DUPLICATE_TIMELINE_GROUP=2,Super Monday,Al Hassad
provider-osn,Osn Ya Hala Aflam.eg,Osn Ya Hala Aflam.eg,REVIEW,84,0,28,46.08,46.08,0,28,0.0,100.0,0.0,eg,,EMPTY_DESC=28(100%); PREMIUM_AR_DESC_LOW=0%,Ana La Habibi,Shamareekh
provider-osn,OSN Ya Hala.eg,OSN Ya Hala.eg,REVIEW,76,0,61,45.5,45.5,0,61,0.0,100.0,0.0,eg,,EMPTY_DESC=61(100%); LOW_TITLE_DIVERSITY=15%; PREMIUM_AR_DESC_LOW=0%,Majarih,Wuhoosh 2
provider-osn,OSNComedy.ae@SD,OSNtv Comedy,REVIEW,92,0,84,38.5,38.5,0,0,0.0,100.0,100.0,ae,,LOW_TITLE_DIVERSITY=14%,Veep,2 Broke Girls
provider-osn,OSNKids.ae@SD,OSNtv Kids,REVIEW,92,0,194,38.47,38.47,0,0,0.0,100.0,100.0,ae,,LOW_TITLE_DIVERSITY=16%,Charlie and Lola S2,Matchbox Adventures
provider-osn,OSNMezze.ae@SD,OSNtv Mezze,REVIEW,92,0,39,39.0,39.0,0,0,0.0,100.0,100.0,ae,,LOW_TITLE_DIVERSITY=15%,Hell's Kitchen,John and Lisa's Weekend Kitchen
provider-osn,OSNMoviesAction.ae@SD,OSNtv Movies Action,PASS,100,1,20,40.58,40.58,0,0,5.0,95.0,100.0,ae,,,Superman : The Movie,Dunkirk
provider-osn,OSNMoviesHollywood.ae@SD,OSNtv Movies Hollywood,PASS,100,1,22,40.08,40.08,0,0,9.1,90.9,100.0,ae,,,Duchess,Million Dollar Baby
provider-osn,OSNMoviesPremiere.ae@SD,OSNtv Movies Premiere,PASS,100,1,21,39.58,39.58,0,0,0.0,100.0,100.0,ae,,,In the Heights,The Mystery of Her
provider-osn,OSNShowcase.ae@SD,OSNtv Showcase,PASS,100,1,58,38.5,38.5,0,0,0.0,100.0,100.0,ae,,,The Shop,Unscripted
provider-osn,OSNtv Crime.sa,OSNtv Crime.sa,REVIEW,92,0,53,43.92,43.92,0,0,0.0,100.0,100.0,sa,,LOW_TITLE_DIVERSITY=15%,Law And Order,Major Crimes
provider-osn,OSNtv Documentary.sa,OSNtv Documentary.sa,REVIEW,76,0,19,21.5,46.5,1,7,36.8,63.2,100.0,sa,,EMPTY_DESC=7(37%); GAPS_GT_2H=1/TOTAL=25.0h; PREMIUM_TITLE_LATIN_LOW=63%,Wise Guy: David Chase and the Sopranos,Drift Brothers
provider-osn,OSNtv iQIYI.sa,OSNtv iQIYI.sa,REVIEW,92,0,58,43.42,43.42,0,0,0.0,100.0,100.0,sa,,LOW_TITLE_DIVERSITY=17%,Mr. Bad,Ping Pong
provider-osn,OSNtv Movies Comedy.sa,OSNtv Movies Comedy.sa,PASS,100,1,26,45.5,45.5,0,0,0.0,100.0,100.0,sa,,,Mr. Morgan's Last Love,Runaway Bride
provider-osn,OSNtv Movies Family.sa,OSNtv Movies Family.sa,PASS,100,1,32,45.0,45.0,0,0,0.0,100.0,100.0,sa,,,The Lego Movie,The Lego Movie 2: The Second Part
provider-osn,OSNtv Movies Horror.sa,OSNtv Movies Horror.sa,PASS,100,1,26,44.5,44.5,0,0,0.0,100.0,100.0,sa,,,Oracle,Tales From The Hood 3
provider-osn,OSNtv Now.sa,OSNtv Now.sa,PASS,100,1,56,43.33,43.33,0,0,0.0,100.0,100.0,sa,,,"My Mum, Your Dad UK",Red Bull Driftbrothers
provider-osn,OSNtv One.sa,OSNtv One.sa,PASS,100,1,63,43.75,43.75,0,0,0.0,100.0,100.0,sa,,,Suits: L.A.,Suits: L.A.
provider-osn,OSNtv Pop Up.sa,OSNtv Pop Up.sa,REVIEW,84,0,217,42.73,42.73,0,0,0.0,100.0,100.0,sa,,REPEATED_TITLE=78%; LOW_TITLE_DIVERSITY=1%,The Wonderfully Weird World of Gumball,The Amazing World Of Gumball
provider-osn,OSNtv Showcase Classics.sa,OSNtv Showcase Classics.sa,PASS,100,1,54,43.0,43.0,0,0,0.0,100.0,100.0,sa,,,Succession,True Blood
provider-osn,OSNYahala.ae@SD,OSNtv Yahala,REVIEW,92,0,52,39.0,39.0,0,0,0.0,100.0,100.0,ae,,LOW_TITLE_DIVERSITY=17%,Majareeh,Whoosh
provider-osn,OSNYahalaAflam.ae@SD,OSNtv Yahala Aflam,PASS,100,1,24,39.83,39.83,0,0,4.2,95.8,100.0,ae,,,Ana La Habibi,Shamareekh
provider-osn,OSNYahalaBilArabi.ae@SD,OSNtv Yahala Bil Arabi,PASS,100,1,45,38.75,38.75,0,0,0.0,100.0,100.0,ae,,,Worood Hamra - Red Roses,Sharab Al Toot AKA One Love
provider-mbc,Al Arabiya Business.sa,Al Arabiya Business.sa,REVIEW,92,0,43,44.0,44.0,0,0,100.0,55.8,100.0,sa,,LOW_TITLE_DIVERSITY=16%,الأسواق العربية,غداء عمل
provider-mbc,Alarabiya.ae@SD,العربية,PASS,100,1,42,25.5,25.5,0,0,100.0,2.4,100.0,ae,,,الاسواق العربية,أخبار العربية
provider-mbc,AlArabiyaBusiness.ae@SD,العربية Business,REVIEW,84,0,12,12.0,26.0,1,1,100.0,0.0,100.0,ae,,EMPTY_DESC=1(8%); GAPS_GT_2H=1/TOTAL=14.0h,الاسواق العربية,غداء عمل
provider-mbc,AlarabiyaPortrait.ae@SD,Al Arabiya,PASS,100,1,62,38.5,38.5,0,0,100.0,3.2,100.0,ae,,,الاسواق العربية,أخبار العربية
provider-mbc,AlHadath.sa@SD,Al Hadath,REVIEW,84,0,49,39.0,39.0,0,0,100.0,0.0,100.0,sa,,REPEATED_TITLE=92%; LOW_TITLE_DIVERSITY=6%,ستوديو الحدث,أخبار الحدث
provider-mbc,EN:.MBC1.Iraq.sa,EN: MBC Iraq,REVIEW,68,0,88,46.42,48.58,1,88,0.0,100.0,0.0,sa,,EMPTY_DESC=88(100%); LOW_TITLE_DIVERSITY=15%; GAPS_GT_2H=1/TOTAL=2.2h; ARABIC_PROVIDER_TITLE_AR_LOW=0%,Al A'ela,Awdat Khalati
provider-mbc,EN:.MBC1.Masr.sa,EN: MBC1 Masr,REVIEW,76,0,82,48.97,49.0,0,82,1.2,100.0,0.0,sa,,EMPTY_DESC=82(100%); LOW_TITLE_DIVERSITY=16%; ARABIC_PROVIDER_TITLE_AR_LOW=1%,El Maddah: Ostouret El Awda,TV guide is not available
provider-mbc,MBC Egypt.eg,MBC Egypt.eg,REVIEW,84,0,39,47.0,47.0,0,39,0.0,100.0,0.0,eg,,EMPTY_DESC=39(100%); ARABIC_PROVIDER_TITLE_AR_LOW=0%,Al Maddah 4: Ostorat Al Awda,El Set Monalisa
provider-mbc,MBC Maser 2.sa,MBC Maser 2.sa,PASS,100,1,40,43.0,43.0,0,0,75.0,25.0,100.0,sa,,,Selat Rahem,Sok Ala Ekhwatak
provider-mbc,MBC Maser.sa,MBC Maser.sa,PASS,100,1,37,43.58,43.58,0,0,78.4,21.6,94.6,sa,,,المداح :أسطورة العودة,الست موناليزا
provider-mbc,MBC MASR 2.sa,MBC MASR 2.sa,PASS,100,1,40,43.0,43.0,0,0,100.0,0.0,100.0,sa,,,صلة رحم,سك على إخواتك
provider-mbc,MBC Masr Drama.eg,MBC Masr Drama.eg,REVIEW,76,0,55,45.42,45.42,0,55,0.0,100.0,0.0,eg,,EMPTY_DESC=55(100%); LOW_TITLE_DIVERSITY=11%; ARABIC_PROVIDER_TITLE_AR_LOW=0%,Bain El Sotour,Afrah Ebles 2
provider-mbc,MBC Plus eLife HD.sa,MBC Plus eLife HD.sa,PASS,100,1,47,44.5,44.5,0,0,100.0,4.3,100.0,sa,,,صباح الخير يا عرب,يارغي
provider-mbc,MBC Plus Variety HD.sa,MBC Plus Variety HD.sa,PASS,100,1,53,44.52,44.52,0,0,100.0,0.0,100.0,sa,,,هوليوود باز,ويرد يو غو، برناديت
provider-mbc,MBC VARIETY.sa,MBC VARIETY.sa,PASS,100,1,53,44.55,44.55,0,0,100.0,0.0,100.0,sa,,,هوليوود باز,ويرد يو غو برناديت
provider-mbc,MBC.eg,MBC.eg,REVIEW,84,0,56,46.5,46.5,0,55,12.5,87.5,100.0,eg,,EMPTY_DESC=55(98%); ARABIC_PROVIDER_TITLE_AR_LOW=12%,Sabah El Keer Ya Arab,Min Kothr Hobbi Lak
provider-mbc,MBC1.ae@SD,MBC1,PASS,100,1,47,40.57,40.57,0,0,100.0,4.3,100.0,ae,,,صباح الخير يا عرب,من كثر حبي لك
provider-mbc,MBC1USA.us@SD,MBC1,REVIEW,84,0,56,39.17,39.17,0,13,100.0,3.6,100.0,,,EMPTY_DESC=13(23%); PLACEHOLDER=13,ست شباب,أصدقاء العمر
provider-mbc,MBC2.ae@SD,MBC2,PASS,100,1,32,43.5,43.5,0,0,100.0,6.2,100.0,ae,,,ذا مان فرَم (U.N.C.L.E),فيلم ونجوم
provider-mbc,MBC3.ae@SD,MBC 3,REVIEW,92,0,124,38.0,38.48,0,0,100.0,0.0,100.0,ae,,LOW_TITLE_DIVERSITY=18%,أسماك الفقاعات,هانغري براين
provider-mbc,MBC3USA.us@SD,MBC3,REVIEW,76,0,171,38.62,38.62,0,16,100.0,58.5,100.0,,,EMPTY_DESC=16(9%); PLACEHOLDER=16; LOW_TITLE_DIVERSITY=10%,Messy Goes To OKIDO,Pet Hotel
provider-mbc,MBC4.ae@SD,MBC4,PASS,100,1,58,42.72,42.72,0,0,100.0,0.0,100.0,ae,,,ليلى,وسط البلد
provider-mbc,MBC5.ae@SD,MBC 5,PASS,100,1,48,38.6,39.25,0,0,100.0,0.0,100.0,ae,,,تحت سابع أرض,تحت سابع أرض
provider-mbc,MBCAction.ae@SD,MBC Action,PASS,100,1,69,43.42,43.42,0,0,100.0,0.0,100.0,ae,,,ليجو ماسترز جونيور,ريديكيولوسنيس
provider-mbc,MBCBollywood.ae@SD,MBC Bollywood,PASS,100,1,40,44.5,44.5,0,0,100.0,0.0,100.0,ae,,,على صدى الخلخال,أمنية وإن تحققت
provider-mbc,MBCDrama.ae@SD,MBC Drama,PASS,100,1,38,38.02,39.0,0,0,100.0,0.0,100.0,ae,,,مسار إجباري,الممالك الثلاث
provider-mbc,MBCDramaUSA.us@SD,MBC Drama,PASS,100,1,15,15.02,15.02,0,0,100.0,0.0,100.0,,,,مسار إجباري,ثري كينغدُمز
provider-mbc,MBCIraq.iq@SD,MBC Iraq,PASS,100,1,43,38.33,38.98,0,0,100.0,0.0,100.0,iq,,,العائلة,عودة خالتي
provider-mbc,MBCMasr.eg@SD,MBC Masr,PASS,100,1,34,39.88,39.92,0,0,100.0,0.0,100.0,eg,,,المداح: أسطورة العودة,الست موناليزا
provider-mbc,MBCMasr2.eg@SD,MBC Masr2,PASS,100,1,36,38.5,38.5,0,0,100.0,0.0,100.0,eg,,,صلة رحم,سك على إخواتك
provider-mbc,MBCMasrDrama.sa@SD,مصر دراما,REVIEW,76,0,44,20.32,20.32,0,19,100.0,0.0,100.0,sa,,EMPTY_DESC=19(43%); PLACEHOLDER=19; LOW_TITLE_DIVERSITY=18%,بين السطور,أفراح إبليس
provider-mbc,MBCMasrUSA.us@SD,MBC Masr,PASS,100,1,36,40.97,40.97,0,0,100.0,0.0,100.0,,,,أهلاً بالستات,نصيبي و قسمتك
provider-mbc,MBCMax.ae@SD,MBC MAX,PASS,100,1,32,44.17,44.17,0,0,100.0,0.0,100.0,ae,,,كريزي، ستيوبد، لوڤ,هوليوود باز
provider-mbc,MBCMood.sa@HD,MBC Mood,REVIEW,92,0,10,41.95,42.97,0,0,100.0,0.0,100.0,sa,,LONG_GT_6H=1,عيش المود,فيديو كليب
provider-mbc,MBCPersia.ae@SD,MBC Persia,REVIEW,84,0,70,38.55,38.55,0,15,100.0,4.3,100.0,ae,,EMPTY_DESC=15(21%); PLACEHOLDER=15,أسرار البيوت,أسرار البيوت
provider-mbc,MBCPlusDrama.sa@SD,MBC Plus Drama,REVIEW,92,0,52,39.02,39.02,0,0,100.0,0.0,100.0,sa,,LOW_TITLE_DIVERSITY=15%,امر إخلاء,شجر الحور
provider-mbc,Wanasah.sa,Wanasah.sa,REVIEW,84,0,44,44.0,44.0,0,0,100.0,0.0,100.0,sa,,REPEATED_TITLE=100%; LOW_TITLE_DIVERSITY=2%,وناسة,وناسة
provider-rotana,Rotana + HD.sa,Rotana + HD.sa,PASS,100,1,42,43.25,43.25,0,0,100.0,0.0,100.0,sa,,,قلم رصاص:الحلقة 18,بلا تصنيف:الحلقة 7
provider-rotana,Rotana Aflam +.sa,Rotana Aflam +.sa,PASS,100,1,27,43.5,43.5,0,0,100.0,0.0,100.0,sa,,,ظرف طارق,قرمط بيتمرمط
provider-rotana,Rotana Cinema + US.sa,Rotana Cinema + US.sa,PASS,100,1,27,44.5,44.5,0,0,100.0,0.0,100.0,sa,,,خير وبركة,سر طاقية الإخفاء
provider-rotana,Rotana Cinema Masr.sa,Rotana Cinema Masr.sa,PASS,100,1,25,46.0,46.0,0,0,100.0,0.0,100.0,sa,,,ساعة ونص,الكنز: الحقيقة والخيال
provider-rotana,Rotana Cinema.eg,Rotana Cinema.eg,PASS,100,1,24,44.0,44.0,0,0,100.0,0.0,100.0,eg,,,مهمة صعبة جدآ,هيبتا: المحاضرة الأخيرة
provider-rotana,Rotana Classic.eg,Rotana Classic.eg,PASS,100,1,31,45.0,45.0,0,0,100.0,0.0,100.0,eg,,,بلبل أفندي,نجوم خلف الكواليس
provider-rotana,Rotana Clip.sa,Rotana Clip.sa,REVIEW,84,0,44,44.0,44.0,0,0,100.0,0.0,100.0,sa,,REPEATED_TITLE=100%; LOW_TITLE_DIVERSITY=2%,أغاني وڤيديو كليب,أغاني وڤيديو كليب
provider-rotana,Rotana Comedy.sa,Rotana Comedy.sa,PASS,100,1,22,44.0,44.0,0,0,100.0,0.0,100.0,sa,,,ابن القنصل,البدلة
provider-rotana,Rotana Drama.eg,Rotana Drama.eg,PASS,100,1,44,44.0,44.0,0,0,100.0,0.0,100.0,eg,,,الكندوش:الحلقة 28,وتقابل حبيب:الحلقة 13
provider-rotana,Rotana Khalejia.eg,Rotana Khalejia.eg,REVIEW,92,0,42,38.0,38.0,0,42,45.2,54.8,0.0,eg,,EMPTY_DESC=42(100%),Qate'e Wareed,Ana Wala Ana
provider-rotana,Rotana Khalijia HD.sa,Rotana Khalijia HD.sa,PASS,100,1,48,43.25,43.25,0,0,100.0,0.0,100.0,sa,,,قطع وريد:الحلقة 13,في الصورة:الحلقة 2
provider-rotana,Rotana Kids.sa,Rotana Kids.sa,PASS,100,1,146,42.75,42.75,0,0,100.0,0.0,100.0,sa,,,الكابتن ماجد:الحلقة 9,هجوم الفيروس:الحلقة 13
provider-rotana,Rotana M+ HD.sa,Rotana M+ HD.sa,REVIEW,84,0,44,44.0,44.0,0,0,100.0,100.0,100.0,sa,,REPEATED_TITLE=100%; LOW_TITLE_DIVERSITY=2%,روتانا M+ HD,روتانا M+ HD
provider-rotana,Rotana Music HD.sa,Rotana Music HD.sa,REVIEW,84,0,44,44.0,44.0,0,0,100.0,0.0,100.0,sa,,REPEATED_TITLE=100%; LOW_TITLE_DIVERSITY=2%,موسيقى,موسيقى
provider-rotana,Rotana.Cinema.Egypt.ae,Rotana Cinema Egypt,REVIEW,84,0,27,50.0,50.0,0,27,0.0,100.0,0.0,ae,,EMPTY_DESC=27(100%); ARABIC_PROVIDER_TITLE_AR_LOW=0%,An Hour And A Half,The Treasure: Truth And Fantasy
provider-rotana,Rotana.Cinema.KSA.ae,Rotana Cinema KSA,REVIEW,84,0,27,50.0,50.0,0,27,0.0,100.0,0.0,ae,,EMPTY_DESC=27(100%); ARABIC_PROVIDER_TITLE_AR_LOW=0%,Bittersweet,A Very Hard Mission
provider-rotana,RotanaCinemaEgypt.eg@SD,روتانا سينما مصر,PASS,100,1,20,36.0,36.0,0,0,100.0,0.0,100.0,eg,,,الكف,لخمة راس
provider-rotana,RotanaCinemaKSA.sa@SD,روتانا سينما السعودية,PASS,100,1,21,38.0,38.0,0,0,100.0,0.0,100.0,sa,,,هيبتا,كود 36
provider-rotana,RotanaClassic.sa@SD,روتانا كلاسيك,PASS,100,1,26,37.0,37.0,0,0,100.0,0.0,100.0,sa,,,عنتر شايل سيفه,أنا بريئة
provider-rotana,RotanaClip.sa@SD,روتانا كليب,REVIEW,92,0,108,11.32,11.32,0,108,100.0,0.0,0.0,sa,,EMPTY_DESC=108(100%),من نظرة,عم اسس حالي
provider-rotana,RotanaComedy.sa@SD,روتانا كوميدي,PASS,100,1,19,38.0,38.0,0,0,100.0,0.0,100.0,sa,,,البدلة,٧ أيام في الجنة
provider-rotana,RotanaDrama.sa@SD,روتانا دراما,REVIEW,92,0,36,36.0,36.0,0,0,100.0,0.0,100.0,sa,,LOW_TITLE_DIVERSITY=19%,قلوب من ماء,دنيا تانية
provider-rotana,RotanaKhalijia.sa@SD,روتانا خليجية,PASS,100,1,41,36.0,36.0,0,0,100.0,0.0,100.0,sa,,,روتانا سبورت مع وليد - الموسم الأول,لعبة السعادة
provider-adm,Abu Dhabi TV HD.sa,Abu Dhabi TV HD.sa,REVIEW,92,0,61,48.0,48.0,0,61,100.0,32.8,0.0,sa,,EMPTY_DESC=61(100%),إيدج أوف ذا أنون ويذ جيمي تشين,تلفزيون أبوظبي HD
provider-adm,Abu Dhabi.sa,Abu Dhabi.sa,PASS,100,1,54,43.5,43.5,0,0,100.0,0.0,100.0,sa,,,حافة المجهول مع جيمي تشين,معرض أبوظبي الدولي للكتاب
provider-adm,AbuDhabiSports1.ae@SD,AD Sports 1 HD,PASS,100,1,45,45.0,45.0,0,0,100.0,0.0,100.0,ae,,,دوري أدنوك للمحترفين:العين × الوصل,بطولة الاتحاد الدولي لكرة السلة
provider-adm,AbuDhabiTV.ae@SD,Abu Dhabi TV HD,REVIEW,92,0,30,25.0,25.0,0,4,100.0,26.7,100.0,ae,,EMPTY_DESC=4(13%),أولاد الراعي,كسر عظم
provider-adm,AD Sports 2.sa,AD Sports 2.sa,PASS,100,1,45,45.5,45.5,0,0,100.0,0.0,100.0,sa,,,كأس فاطمة بنت مبارك للكرة الطائرة:نادي إف بي إم إيه × 6 أكتوبر,أكشن في إسبوع
provider-adm,AD Sports Premium 1.sa,AD Sports Premium 1.sa,REVIEW,84,0,44,44.5,44.5,0,0,29.5,70.5,100.0,sa,,REPEATED_TITLE=70%; ARABIC_PROVIDER_TITLE_AR_LOW=30%,الدوري الإيطالي:نابولي × بولونيا,مجلة الدوري الإيطالي:الجولة 4
provider-adm,AD Sports Premium 2.sa,AD Sports Premium 2.sa,REVIEW,76,0,39,43.75,43.75,0,0,20.5,79.5,100.0,sa,,REPEATED_TITLE=80%; LOW_TITLE_DIVERSITY=18%; ARABIC_PROVIDER_TITLE_AR_LOW=20%,الدوري الإيطالي:ساسولو × يوفنتوس,الدوري الإيطالي:نابولي × بولونيا
provider-adm,Al Emarat.sa,Al Emarat.sa,PASS,100,1,43,44.0,44.0,0,0,100.0,0.0,100.0,sa,,,قفص مخملي,كنا أمس
provider-adm,en:.AD.Sports.Extra.ae,en: AD Sports Extra,REVIEW,68,0,49,49.0,49.0,0,49,0.0,100.0,0.0,ae,,EMPTY_DESC=49(100%); REPEATED_TITLE=100%; LOW_TITLE_DIVERSITY=2%; ARABIC_PROVIDER_TITLE_AR_LOW=0%,Abu Dhabi Sports Asia 2,Abu Dhabi Sports Asia 2
provider-adm,en:.YAS.TV.Extra.ae,en: YAS TV Extra,REVIEW,68,0,49,49.0,49.0,0,49,0.0,100.0,0.0,ae,,EMPTY_DESC=49(100%); REPEATED_TITLE=100%; LOW_TITLE_DIVERSITY=2%; ARABIC_PROVIDER_TITLE_AR_LOW=0%,Abu Dhabi Sports Asia 1,Abu Dhabi Sports Asia 1
provider-adm,Majid.sa,Majid.sa,REVIEW,92,0,209,42.5,42.5,0,0,100.0,0.0,100.0,sa,,LOW_TITLE_DIVERSITY=8%,مغامرات ميرا وسيف,مغامرات ميرا وسيف
provider-adm,Nat.Geo.Abu.Dhabi.HD.ae,Nat Geo Abu Dhabi HD,REVIEW,84,0,66,48.75,48.75,0,66,0.0,100.0,0.0,ae,,EMPTY_DESC=66(100%); ARABIC_PROVIDER_TITLE_AR_LOW=0%,Incredible Animal Journeys,Lawless Island
provider-adm,Yas.TV.HD.ae,Yas TV HD,REVIEW,68,0,39,49.75,49.75,0,39,0.0,100.0,0.0,ae,,LONG_GT_6H=2; SHORT_LT_2M=1; EMPTY_DESC=39(100%); ARABIC_PROVIDER_TITLE_AR_LOW=0%,UAE President Show Jumping Cup,UAE President Endurance Cup
provider-dmi,Dubai One.sa,Dubai One.sa,PASS,100,1,37,45.5,45.5,0,0,100.0,2.7,100.0,sa,,,دبي آي أون دبي وان,ديسبريت ميسز سيونجو
provider-dmi,Dubai Sports 2.sa,Dubai Sports 2.sa,PASS,100,1,38,43.5,43.5,0,0,100.0,0.0,100.0,sa,,,الدوري الوطني لكرة القدم للسيدات:سان دييغو ويف × نورث كارولاينا كوراج,جولة التشيك للدراجات الهوائية
provider-dmi,Dubai Sports HD.sa,Dubai Sports HD.sa,PASS,100,1,40,43.5,43.5,0,0,100.0,62.5,100.0,sa,,,الدوري الأرجنتيني لكرة القدم:إنديبندينتي × سان لورينزو,مقتطفات من بطولة سوبركارز:سوبر 440 بيرث
provider-dmi,Dubai Zaman.eg,Dubai Zaman.eg,REVIEW,92,0,57,40.25,40.5,0,49,100.0,98.2,100.0,eg,,EMPTY_DESC=49(86%),Album  (0): Ep   7,Lawwen Hayatak ep 100 (19/06/10)
provider-dmi,Dubai.Racing.1.HD.ae,Dubai Racing 1 HD,REVIEW,84,0,31,48.55,48.55,0,31,0.0,100.0,0.0,ae,,EMPTY_DESC=31(100%); ARABIC_PROVIDER_TITLE_AR_LOW=0%,HH Ruler Of Sharjah Competition,HH Ruler Of Sharjah Competition
provider-dmi,Dubai.Racing.2.ae,Dubai Racing 2,REVIEW,84,0,42,48.5,48.5,0,42,0.0,100.0,0.0,ae,,EMPTY_DESC=42(100%); ARABIC_PROVIDER_TITLE_AR_LOW=0%,From Emirates,Our Fields
provider-dmi,Dubai.Racing.ae,Dubai Racing,REVIEW,84,0,6,28.03,28.03,0,6,100.0,100.0,0.0,ae,,LONG_GT_6H=2; EMPTY_DESC=6(100%),"22 AUGUST 2026 RACE FROM, RACING TV, UK","14 SEPTEMBER 2026 RACE FROM RACING TV, UK"
provider-dmi,Dubai.Sports.1.ae,Dubai Sports 1,REVIEW,92,0,38,41.75,41.75,0,38,100.0,100.0,0.0,ae,,EMPTY_DESC=38(100%),Argentinian Clausura Football League 2026 (Independiente vs San Lorenzo),Supercars Championship Highlight 2026 - Perth Super 440 #16 - 15/7 AVID
provider-dmi,DubaiTV.ae@SD,Dubai TV HD,PASS,100,1,46,39.0,39.0,0,0,100.0,2.2,100.0,ae,,,قرة عينك,من سيربح المليون
provider-dmi,DubaiZaman.ae@SD,دبي زمان,REVIEW,92,0,47,42.0,42.0,0,32,100.0,0.0,100.0,ae,,EMPTY_DESC=32(68%); DUPLICATE_TIMELINE_GROUP=2,الخليج كلمة ونغم,برنامج لون حياتك
provider-dmi,Noor.DubaiTV.ae,Noor DubaiTV,REVIEW,92,0,59,40.92,40.92,0,52,100.0,100.0,100.0,ae,,EMPTY_DESC=52(88%),دليل الاعمال 2026: Ep 113,السالفة وما فيها 2026 (1): Ep 104
provider-dmi,Sama Dubai.sa,Sama Dubai.sa,PASS,100,1,55,44.0,44.0,0,0,100.0,0.0,100.0,sa,,,رواق الفكر,سوق المقاصيص:الحلقة 20
provider-dmi,SamaDubai.ae@SD,سما دبي,REVIEW,92,0,52,42.0,42.0,0,23,100.0,0.0,100.0,ae,,EMPTY_DESC=23(44%),سوق المقاصيص,منتصف النهار
provider-art,Alfa Al Safwa.sa,Alfa Al Safwa.sa,REVIEW,92,0,85,46.43,46.43,0,85,100.0,0.0,0.0,sa,,EMPTY_DESC=85(100%),شاهد عيان,المصراوية
provider-art,Alfa Al Yawm HD.sa,Alfa Al Yawm HD.sa,REVIEW,92,0,56,47.5,47.5,0,56,100.0,0.0,0.0,sa,,EMPTY_DESC=56(100%),من ضيعتنا,فلانتينو
provider-art,Alfa Cinema 1.sa,Alfa Cinema 1.sa,REVIEW,92,0,26,48.08,48.08,0,26,100.0,0.0,0.0,sa,,EMPTY_DESC=26(100%),بيكيا,ثانية واحدة
provider-art,Alfa Cinema 2.sa,Alfa Cinema 2.sa,REVIEW,92,0,24,47.65,47.65,0,24,100.0,0.0,0.0,sa,,EMPTY_DESC=24(100%),رسالة من إمرأة مجهولة,عودة أخطر رجل في العالم
provider-art,Alfa Fann.sa,Alfa Fann.sa,REVIEW,92,0,314,45.97,45.97,0,314,100.0,0.0,0.0,sa,,EMPTY_DESC=314(100%),ٲزاي وٲمتى وفين,الناس بتعشق بني ٲدمين
provider-art,Alfa Music HD.sa,Alfa Music HD.sa,REVIEW,92,0,641,45.88,45.88,0,641,97.3,2.7,0.0,sa,,EMPTY_DESC=641(100%),حلوة,حظي
provider-art,Alfa Series +2 HD.sa,Alfa Series +2 HD.sa,REVIEW,84,0,25,24.0,46.5,1,25,100.0,0.0,0.0,sa,,EMPTY_DESC=25(100%); GAPS_GT_2H=1/TOTAL=22.5h,دايماً عامر,بابا جه
provider-art,Alfa Series HD.sa,Alfa Series HD.sa,REVIEW,84,0,49,47.0,47.0,0,49,100.0,0.0,0.0,sa,,EMPTY_DESC=49(100%); LOW_TITLE_DIVERSITY=16%,قبل وبعد,اليتيم
provider-starz,en:.STARZPLAY.Cricket.1.ae,en: STARZPLAY Cricket 1,REVIEW,92,0,40,49.28,49.28,0,40,0.0,100.0,0.0,ae,,EMPTY_DESC=40(100%),Asia Cup 2025: Super Four- Sri Lanka vs Bangladesh - Asian Blockbusters,ICC U19 Men's ODI World Cup 2026: England vs. Scotland - Future Stars Zone
provider-starz,en:.StarzPlay.Rugby.-.Live.ae,en: StarzPlay Rugby - Live,REVIEW,84,0,14,49.07,49.07,0,14,0.0,100.0,0.0,ae,,LONG_GT_6H=1; EMPTY_DESC=14(100%),South Africa U20 vs. Uruguay U20 - World Rugby Under 20 Championship,Argentina vs. Scotland - Nations Championship 2026
provider-starz,en:.STARZPLAY.Sports.1.ae,en: STARZPLAY Sports 1,REVIEW,76,0,49,49.0,49.0,0,49,0.0,100.0,0.0,ae,,EMPTY_DESC=49(100%); REPEATED_TITLE=100%; LOW_TITLE_DIVERSITY=2%,StarzPLAY Sports 1,StarzPLAY Sports 1
provider-starz,en:.STARZPLAY.Sports.2.ae,en: STARZPLAY Sports 2,REVIEW,76,0,49,49.0,49.0,0,49,0.0,100.0,0.0,ae,,EMPTY_DESC=49(100%); REPEATED_TITLE=100%; LOW_TITLE_DIVERSITY=2%,StarzPLAY Sports 2,StarzPLAY Sports 2
provider-starz,STARZPLAY Sports.sa,STARZPLAY Sports.sa,REVIEW,84,0,41,45.0,45.0,0,0,100.0,0.0,100.0,sa,,REPEATED_TITLE=80%; LOW_TITLE_DIVERSITY=20%,يو إف سي - سلسلة منافسي دانا وايت,بطولة القتال النهائي: المقاتل النهائي:تصفية الحسابات
mena-eg,Al Hayat.sa,Al Hayat.sa,REVIEW,76,0,44,44.0,44.0,0,0,100.0,0.0,100.0,sa,,REPEATED_TITLE=100%; LOW_TITLE_DIVERSITY=2%; FOREIGN_FEED_ID=SA_EXPECTED=EG,الحياة,الحياة
mena-eg,Al Kahera Wal Nas TV 2.eg,Al Kahera Wal Nas TV 2.eg,REVIEW,92,0,10,11.0,11.0,0,10,40.0,60.0,0.0,eg,,EMPTY_DESC=10(100%),El Zoga 18,فيلم عربي
mena-eg,Al Kahera Wal Nas TV.eg,Al Kahera Wal Nas TV.eg,REVIEW,92,0,9,11.8,11.8,0,9,66.7,44.4,0.0,eg,,EMPTY_DESC=9(100%),برنامج مي شو,Zawaj Bil Ikrah
mena-eg,Al Kahera Walnas 2.sa,Al Kahera Walnas 2.sa,REVIEW,76,0,44,44.0,44.0,0,0,100.0,0.0,100.0,sa,,REPEATED_TITLE=100%; LOW_TITLE_DIVERSITY=2%; FOREIGN_FEED_ID=SA_EXPECTED=EG,القاهرة والناس 2,القاهرة والناس 2
mena-eg,Al Kahera Walnas.sa,Al Kahera Walnas.sa,REVIEW,76,0,44,44.0,44.0,0,0,100.0,0.0,100.0,sa,,REPEATED_TITLE=100%; LOW_TITLE_DIVERSITY=2%; FOREIGN_FEED_ID=SA_EXPECTED=EG,القاهرة والناس,القاهرة والناس
mena-eg,Al Masriya.sa,Al Masriya.sa,REVIEW,76,0,44,44.0,44.0,0,0,100.0,0.0,100.0,sa,,REPEATED_TITLE=100%; LOW_TITLE_DIVERSITY=2%; FOREIGN_FEED_ID=SA_EXPECTED=EG,المصرية,المصرية
mena-eg,Al Nahar Drama.sa,Al Nahar Drama.sa,REVIEW,92,0,33,44.0,44.0,0,0,100.0,0.0,100.0,sa,,FOREIGN_FEED_ID=SA_EXPECTED=EG,ستهم,الضوء الشارد
mena-eg,Al Nahar TV.sa,Al Nahar TV.sa,REVIEW,92,0,54,43.5,43.5,0,0,100.0,0.0,90.7,sa,,FOREIGN_FEED_ID=SA_EXPECTED=EG,الضوء الشارد,أكلة بيتي
mena-eg,Al Nahar.sa,Al Nahar.sa,REVIEW,92,0,52,43.67,43.67,0,0,100.0,3.8,100.0,sa,,FOREIGN_FEED_ID=SA_EXPECTED=EG,الضوء الشارد,أكلة بيتي
mena-eg,Al.Kahera.Wal.Nas.2.ae,Al Kahera Wal Nas 2,REVIEW,84,0,44,49.02,49.02,0,44,0.0,100.0,0.0,ae,,EMPTY_DESC=44(100%); FOREIGN_FEED_ID=AE_EXPECTED=EG,Marriage By Force,The 18th Wife
mena-eg,Al.Kahera.Wal.Nas.ae,Al Kahera Wal Nas,REVIEW,76,0,50,48.35,48.35,0,50,0.0,100.0,0.0,ae,,EMPTY_DESC=50(100%); LOW_TITLE_DIVERSITY=20%; FOREIGN_FEED_ID=AE_EXPECTED=EG; DUPLICATE_TIMELINE_GROUP=2; DUPLICATE_TIMELINE_UNRELATED,TV Program,May's Kitchen
mena-eg,Al.Masriyah.ae,Al Masriyah,REVIEW,84,0,47,49.5,49.5,0,47,0.0,100.0,0.0,ae,,EMPTY_DESC=47(100%); FOREIGN_FEED_ID=AE_EXPECTED=EG; DUPLICATE_TIMELINE_GROUP=4,The Story Of Narges,Al Hayat's Kitchen
mena-eg,Al.Oula.ae,Al Oula,REVIEW,84,0,50,49.0,49.0,0,50,0.0,100.0,0.0,ae,,EMPTY_DESC=50(100%); FOREIGN_FEED_ID=AE_EXPECTED=EG,Zezenia: The Night and The Lighthouse,News Brief
mena-eg,Al.Shams.TV.ae,Al Shams TV,REVIEW,84,0,47,49.5,49.5,0,47,0.0,100.0,0.0,ae,,EMPTY_DESC=47(100%); FOREIGN_FEED_ID=AE_EXPECTED=EG; DUPLICATE_TIMELINE_GROUP=4,The Story Of Narges,Al Hayat's Kitchen
mena-eg,Alhayat TV.eg,Alhayat TV.eg,REVIEW,92,0,40,46.67,46.67,0,40,62.5,37.5,0.0,eg,,EMPTY_DESC=40(100%),برنامج مطبخ الحياة,برنامج
mena-eg,AlhayatTV.eg@SD,الحياة,REVIEW,84,0,26,31.42,39.42,1,14,100.0,0.0,100.0,eg,,EMPTY_DESC=14(54%); GAPS_GT_2H=1/TOTAL=8.0h,الإمام الطيب,شارع شريف ج4
mena-eg,AlKaheraWalNas.eg@SD,القاهرة والناس,REVIEW,92,0,8,10.97,10.97,0,5,100.0,12.5,100.0,eg,,EMPTY_DESC=5(62%),برنامج الدكتور,فيلم عربي
mena-eg,AlKaheraWalNas2.eg@SD,القاهرة والناس 2,REVIEW,92,0,9,10.0,10.0,0,3,100.0,0.0,100.0,eg,,EMPTY_DESC=3(33%),برنامج مي شو,زواج بالإكراه
mena-eg,AlMasriyah.eg@SD,المصرية,REVIEW,92,0,33,34.0,34.0,0,18,100.0,0.0,100.0,eg,,EMPTY_DESC=18(55%); DUPLICATE_TIMELINE_GROUP=2; DUPLICATE_TIMELINE_UNRELATED,برنامج من ماسبيرو,فوق مستوى الشبهات
mena-eg,AlNahar.eg@SD,النهار,REVIEW,92,0,46,42.5,42.5,0,29,100.0,6.5,100.0,eg,,EMPTY_DESC=29(63%),الضوء الشارد,برنامج أكلة بيتي
mena-eg,AlNaharDrama.eg@SD,النهار دراما,REVIEW,92,0,42,42.0,42.0,0,0,100.0,0.0,100.0,eg,,LOW_TITLE_DIVERSITY=14%,ستهم,ستهم
mena-eg,AlSaeedah.eg,AlSaeedah.eg,REVIEW,92,0,37,34.5,34.5,0,37,62.2,37.8,0.0,eg,,EMPTY_DESC=37(100%),Durub Al Marjala 2,Litle Bride 2
mena-eg,AlSaeedah.eg@SD,السعيدة,REVIEW,92,0,37,34.5,34.5,0,23,100.0,0.0,100.0,eg,,EMPTY_DESC=23(62%),دروب المرجلة ج2,زهرة القصر ج2
mena-eg,CBC Drama.sa,CBC Drama.sa,REVIEW,76,0,44,44.0,44.0,0,0,100.0,100.0,100.0,sa,,REPEATED_TITLE=100%; LOW_TITLE_DIVERSITY=2%; FOREIGN_FEED_ID=SA_EXPECTED=EG,CBC دراما,CBC دراما
mena-eg,CBC Extra News.sa,CBC Extra News.sa,REVIEW,76,0,44,44.0,44.0,0,0,100.0,100.0,100.0,sa,,REPEATED_TITLE=100%; LOW_TITLE_DIVERSITY=2%; FOREIGN_FEED_ID=SA_EXPECTED=EG,CBC إكسترا نيوز,CBC إكسترا نيوز
mena-eg,CBC Sofra.sa,CBC Sofra.sa,REVIEW,76,0,44,44.0,44.0,0,0,100.0,100.0,100.0,sa,,REPEATED_TITLE=100%; LOW_TITLE_DIVERSITY=2%; FOREIGN_FEED_ID=SA_EXPECTED=EG,CBC سفرة,CBC سفرة
mena-eg,CBC.eg@SD,سي بي سي,REVIEW,84,0,27,33.0,40.0,1,10,100.0,0.0,100.0,eg,,EMPTY_DESC=10(37%); GAPS_GT_2H=1/TOTAL=7.0h,الستات ميعرفوش يكدبوا,برنامج نور الدين والدنيا
mena-eg,CBC.sa,CBC.sa,REVIEW,84,0,38,46.0,46.0,0,38,36.8,63.2,0.0,sa,,EMPTY_DESC=38(100%); FOREIGN_FEED_ID=SA_EXPECTED=EG,Watar Hassas 2,فيلم عربي
mena-eg,CBCDrama.eg@SD,سي بي سي دراما,REVIEW,92,0,33,33.0,39.0,1,0,100.0,0.0,100.0,eg,,GAPS_GT_2H=1/TOTAL=6.0h,حواديت الشانزليزيه,بيت الرفاعي
mena-eg,Cima.eg,Cima.eg,REVIEW,92,0,23,46.0,46.0,0,23,0.0,100.0,0.0,eg,,EMPTY_DESC=23(100%),Nour El Eyoun,El Askary Shabrawy
mena-eg,Cima.eg@SD,سيما,PASS,100,1,21,42.0,42.0,0,0,100.0,0.0,100.0,eg,,,نور العيون,العسكري شبراوي
mena-eg,DMC DRAMA.eg,DMC DRAMA.eg,REVIEW,84,0,42,46.0,46.0,0,42,4.8,95.2,0.0,eg,,EMPTY_DESC=42(100%); LOW_TITLE_DIVERSITY=19%,Omar Affendi,Bein Alameen
mena-eg,DMC.eg@SD,DMC HD,PASS,100,1,31,39.5,39.5,0,0,100.0,45.2,100.0,eg,,,فيلم عربي,مصر تستطيع
mena-eg,DMCDrama.eg@SD,دي إم سي دراما,PASS,100,1,8,10.0,10.0,0,0,100.0,0.0,100.0,eg,,,ميد تيرم,كامل العدد ++
mena-eg,Egyptian TV.eg,Egyptian TV.eg,REVIEW,92,0,33,34.0,34.0,0,33,54.5,45.5,0.0,eg,,EMPTY_DESC=33(100%); DUPLICATE_TIMELINE_GROUP=2; DUPLICATE_TIMELINE_UNRELATED,برنامج من ماسبيرو,Foq Mostawa El Shobohat
mena-eg,El.Mehwar.HD.ae,El Mehwar HD,REVIEW,84,0,44,48.5,48.5,0,44,0.0,100.0,0.0,ae,,EMPTY_DESC=44(100%); FOREIGN_FEED_ID=AE_EXPECTED=EG,Pablo,El Prince
mena-eg,ElMehwarChannel.eg@SD,المحور,REVIEW,92,0,9,12.0,12.0,0,5,100.0,0.0,100.0,eg,,EMPTY_DESC=5(56%); DUPLICATE_TIMELINE_GROUP=2,فيلم,برنامج مطبخك عندنا
mena-eg,EN:.Masrah.Masr.Channel.sa,EN: Masrah Masr Channel,REVIEW,68,0,37,48.97,49.0,0,25,0.0,100.0,100.0,sa,,EMPTY_DESC=25(68%); REPEATED_TITLE=100%; LOW_TITLE_DIVERSITY=3%; FOREIGN_FEED_ID=SA_EXPECTED=EG,Masrah Masr,Masrah Masr
mena-eg,ERTU1.eg@SD,قناة مصر الأولى,REVIEW,92,0,33,34.0,34.0,0,18,100.0,0.0,100.0,eg,,EMPTY_DESC=18(55%); DUPLICATE_TIMELINE_GROUP=2; DUPLICATE_TIMELINE_UNRELATED,برنامج من ماسبيرو,فوق مستوى الشبهات
mena-eg,Extra.News.HD.ae,Extra News HD,REVIEW,76,0,65,49.0,49.0,0,65,0.0,100.0,0.0,ae,,EMPTY_DESC=65(100%); LOW_TITLE_DIVERSITY=18%; FOREIGN_FEED_ID=AE_EXPECTED=EG,News Coverage,Newsletter
mena-eg,MasperoZaman.eg@SD,ماسبيرو زمان,REVIEW,84,0,44,33.0,39.25,1,14,100.0,0.0,100.0,eg,,EMPTY_DESC=14(32%); GAPS_GT_2H=1/TOTAL=6.2h,بنات الأصول,الخاطبة
mena-eg,Mehwar.eg,Mehwar.eg,REVIEW,92,0,9,12.0,12.0,0,9,55.6,44.4,0.0,eg,,EMPTY_DESC=9(100%),فيلم,برنامج مطبخك عندنا
mena-eg,MixBelAraby.eg@SD,ميكس بالعربي,REVIEW,84,0,32,33.0,39.0,1,3,100.0,68.8,100.0,eg,,EMPTY_DESC=3(9%); GAPS_GT_2H=1/TOTAL=6.0h,Erkenci Kus,Falling Leaves S2
mena-eg,Nile Life.eg,Nile Life.eg,REVIEW,92,0,34,34.5,34.5,0,34,64.7,35.3,0.0,eg,,EMPTY_DESC=34(100%),برنامج أكلة لذيذة,Eh Alakhbar?
mena-eg,Nile.Cinema.ae,Nile Cinema,REVIEW,84,0,27,50.5,50.5,0,27,0.0,100.0,0.0,ae,,EMPTY_DESC=27(100%); FOREIGN_FEED_ID=AE_EXPECTED=EG,The Belly Dancer And The Politician,Boss Lady
mena-eg,Nile.Comedy.ae,Nile Comedy,REVIEW,76,0,57,50.0,50.0,0,57,0.0,100.0,0.0,ae,,EMPTY_DESC=57(100%); LOW_TITLE_DIVERSITY=16%; FOREIGN_FEED_ID=AE_EXPECTED=EG; DUPLICATE_TIMELINE_GROUP=2,For Security Matters,Al Tarek
mena-eg,Nile.Drama.ae,Nile Drama,REVIEW,76,0,57,50.0,50.0,0,57,0.0,100.0,0.0,ae,,EMPTY_DESC=57(100%); LOW_TITLE_DIVERSITY=16%; FOREIGN_FEED_ID=AE_EXPECTED=EG; DUPLICATE_TIMELINE_GROUP=2,For Security Matters,Al Tarek
mena-eg,Nile.Family.ae,Nile Family,REVIEW,76,0,49,49.0,49.0,0,49,0.0,100.0,0.0,ae,,EMPTY_DESC=49(100%); LOW_TITLE_DIVERSITY=14%; FOREIGN_FEED_ID=AE_EXPECTED=EG,Father Of The Bride,The Rainbow Colors
mena-eg,Nile.TV.ae,Nile TV,REVIEW,76,0,92,49.0,49.0,0,92,0.0,100.0,0.0,ae,,EMPTY_DESC=92(100%); LOW_TITLE_DIVERSITY=17%; FOREIGN_FEED_ID=AE_EXPECTED=EG; DUPLICATE_TIMELINE_GROUP=2; DUPLICATE_TIMELINE_UNRELATED,Storyteller,Newshour
mena-eg,NileDrama.eg@SD,نايل دراما,PASS,100,1,9,9.0,9.0,0,0,100.0,0.0,100.0,eg,,,مطلوب عروسة,هوانم جاردن سيتي ج1
mena-eg,NileLife.eg@SD,نايل لايف,REVIEW,92,0,34,34.5,34.5,0,22,100.0,0.0,100.0,eg,,EMPTY_DESC=22(65%),برنامج أكلة لذيذة,إيه الأخبار؟
mena-eg,ON Drama.eg,ON Drama.eg,REVIEW,84,0,46,46.0,46.0,0,46,0.0,100.0,0.0,eg,,EMPTY_DESC=46(100%); LOW_TITLE_DIVERSITY=15%,Rageen Ya Hawa,Ab Wa Laken
mena-eg,ON E.eg,ON E.eg,REVIEW,92,0,38,46.0,46.0,0,38,55.3,50.0,0.0,eg,,EMPTY_DESC=38(100%),برنامج Style Talk,برنامج أحلى أكلة
mena-eg,On.Time.Sports.HD.ae,On Time Sports HD,REVIEW,68,0,33,41.0,41.5,0,33,0.0,100.0,0.0,ae,,EMPTY_DESC=33(100%); PLACEHOLDER=1; GENERIC_GUIDE=3%; FOREIGN_FEED_ID=AE_EXPECTED=EG; DUPLICATE_TIMELINE_GROUP=6,Sport TV Magazine,ON Target
mena-eg,OnDrama.eg@SD,أون دراما,REVIEW,92,0,33,33.5,39.5,1,0,100.0,0.0,100.0,eg,,GAPS_GT_2H=1/TOTAL=6.0h,نصيبي وقسمتك 4,الكبير أوي ج7
mena-eg,OnE.eg@SD,أون إي,REVIEW,84,0,27,34.5,40.0,1,14,100.0,3.7,100.0,eg,,EMPTY_DESC=14(52%); GAPS_GT_2H=1/TOTAL=5.5h,فيلم عربي,بيت مراد
mena-eg,Sada El Balad 2.eg,Sada El Balad 2.eg,REVIEW,92,0,36,46.0,46.0,0,36,97.2,8.3,0.0,eg,,EMPTY_DESC=36(100%),برنامج ربي زدني علمًا,برنامج Spot Light
mena-eg,Sada El Balad.eg,Sada El Balad.eg,REVIEW,92,0,39,46.0,46.0,0,39,64.1,35.9,0.0,eg,,EMPTY_DESC=39(100%),برنامج الماتش,Dalaa Banat
mena-eg,Sada.El.Balad.Drama.ae,Sada El Balad Drama,REVIEW,76,0,49,49.0,49.0,0,49,0.0,100.0,0.0,ae,,EMPTY_DESC=49(100%); LOW_TITLE_DIVERSITY=14%; FOREIGN_FEED_ID=AE_EXPECTED=EG,The Vow,Raised In Ezzo Family
mena-eg,SadaElbalad.eg@SD,صدى البلد,REVIEW,84,0,27,33.0,39.0,1,17,100.0,0.0,100.0,eg,,EMPTY_DESC=17(63%); GAPS_GT_2H=1/TOTAL=6.0h,برنامج أنا وهو وهي,يتربى في عزو
mena-eg,SadaElbalad2.eg@SD,صدى البلد 2,REVIEW,84,0,24,34.0,39.0,1,23,100.0,4.2,100.0,eg,,EMPTY_DESC=23(96%); GAPS_GT_2H=1/TOTAL=5.0h,برنامج الماتش,برنامج صحتك وبس
mena-eg,SadaElbaladDrama.eg@SD,صدى البلد دراما,PASS,100,1,9,9.0,9.0,0,0,100.0,0.0,100.0,eg,,,أحلى أيام,دلع بنات
mena-eg,TeN.eg@SD,تن,REVIEW,84,0,31,33.0,39.0,1,21,100.0,0.0,100.0,eg,,EMPTY_DESC=21(68%); GAPS_GT_2H=1/TOTAL=6.0h,بيت الشدة,برنامج حيرة
mena-sa,Aflam.sa@SD,أفلام,PASS,100,1,24,38.8,38.8,0,0,100.0,0.0,100.0,sa,,,واحد من الناس,ليلة سقوط بغداد
mena-sa,Al Resalah.sa,Al Resalah.sa,PASS,100,1,109,43.25,43.25,0,0,100.0,0.0,100.0,sa,,,يستفتونك,الأرقام في القرآن
mena-sa,AlQuranAlKareemTV.sa@SD,Al Quran Al Kareem TV HD,REVIEW,76,0,36,39.0,39.0,0,36,100.0,100.0,0.0,sa,,EMPTY_DESC=36(100%); REPEATED_TITLE=100%; LOW_TITLE_DIVERSITY=3%,القرآن الكريم HD,القرآن الكريم HD
mena-sa,AlResalah.sa@SD,الرساله,PASS,100,1,94,35.4,35.4,0,0,100.0,0.0,100.0,sa,,,صلاة العصر,مع الرسول في القرآن
mena-sa,AlSaudiya.sa@SD,السعودية,REVIEW,92,0,47,35.33,35.33,0,21,100.0,0.0,100.0,sa,,EMPTY_DESC=21(45%),مشراق,أنا ولا أنا
mena-sa,AsharqDiscovery.sa@SD,الشرق ديسكفري,REVIEW,84,0,93,39.83,39.83,0,48,100.0,1.1,100.0,sa,,EMPTY_DESC=48(52%); PLACEHOLDER=46,منازل على الساحل,جدول البرامج غير متاح
mena-sa,AsharqDocumentary.sa@SD,Asharq Documentary,REVIEW,84,0,12,48.0,48.0,0,0,100.0,0.0,100.0,sa,,REPEATED_TITLE=100%; LOW_TITLE_DIVERSITY=8%,الشرق الوثائقية,الشرق الوثائقية
mena-sa,AsharqNews.sa@SD,الشرق,PASS,100,1,36,27.0,27.0,0,0,100.0,0.0,100.0,sa,,,صباح الشرق,الجلسة الأولى
mena-sa,BabAlHara.sa@SD,قناة باب الحارة,PASS,100,1,46,39.77,39.77,0,0,100.0,0.0,100.0,sa,,,باب الحارة الموسم 8 الحلقة 12,باب الحارة الموسم 8 الحلقة 13
mena-sa,Fairuz.sa@HD,فيروز,REVIEW,84,0,604,38.33,38.33,0,604,100.0,0.0,0.0,sa,,EMPTY_DESC=604(100%); LOW_TITLE_DIVERSITY=5%,ليالي الشمالي,ياريت
mena-sa,KSA Now.sa,KSA Now.sa,REVIEW,84,0,44,44.0,44.0,0,0,100.0,0.0,100.0,sa,,REPEATED_TITLE=100%; LOW_TITLE_DIVERSITY=2%,السعودية الآن,السعودية الآن
mena-sa,KSA.Sports.3.HD.ae,KSA Sports 3 HD,REVIEW,68,0,33,41.0,41.5,0,33,0.0,100.0,0.0,ae,,EMPTY_DESC=33(100%); PLACEHOLDER=1; GENERIC_GUIDE=3%; FOREIGN_FEED_ID=AE_EXPECTED=SA; DUPLICATE_TIMELINE_GROUP=6,Sport TV Magazine,ON Target
mena-sa,KSASports1.sa@SD,KSA Sports 1 HD,REVIEW,84,0,81,39.0,39.0,0,5,100.0,6.2,100.0,sa,,EMPTY_DESC=5(6%); LOW_TITLE_DIVERSITY=12%,سباحة,السعودية الرياضية 1 HD
mena-sa,LBC.sa,LBC.sa,PASS,100,1,38,44.0,44.0,0,0,89.5,10.5,100.0,sa,,,العهد:الحلقة 2,يلّا نحكي:الحلقة 2
mena-sa,LBC.sa@SD,إل بي سي,REVIEW,92,0,33,38.0,38.0,0,2,100.0,0.0,100.0,sa,,EMPTY_DESC=2(6%),العهد,برنامج يلا نحكي ج4
mena-sa,Maraya.sa@HD,قناة مرايا,REVIEW,92,0,3,2.45,2.45,0,0,100.0,0.0,100.0,sa,,SPARSE_COVERAGE=2.5h,مرايا 2003 الحلقة 7,حديث المرايا الحلقة 13
mena-sa,Masah.sa@SD,ماسة,REVIEW,92,0,48,41.75,41.75,0,44,100.0,0.0,100.0,sa,,EMPTY_DESC=44(92%),برنامج شي في الخاطر,برنامج
mena-sa,MoviesAction.sa@SD,Movies Action,PASS,100,1,22,40.58,40.58,0,0,100.0,90.9,100.0,sa,,,12 Strong,Detective Knight: Independence
mena-sa,MoviesThriller.sa@SD,Movies Thriller,PASS,100,1,14,27.75,27.75,0,0,100.0,100.0,100.0,sa,,,Cloud Atlas,Zero Dark Thirty
mena-sa,RabehSaqer.sa@HD,رابح صقر,REVIEW,84,0,394,38.33,38.33,0,394,100.0,0.0,0.0,sa,,EMPTY_DESC=394(100%); LOW_TITLE_DIVERSITY=18%,فاقد شعور,خميس ومالي خلق ازعل
mena-sa,Saudi 1.sa,Saudi 1.sa,PASS,100,1,64,42.67,42.67,0,0,100.0,0.0,100.0,sa,,,مشراق,الأخبار
mena-sa,Saudi Quran.sa,Saudi Quran.sa,REVIEW,84,0,44,44.0,44.0,0,0,100.0,0.0,100.0,sa,,REPEATED_TITLE=100%; LOW_TITLE_DIVERSITY=2%,القرآن الكريم,القرآن الكريم
mena-sa,Saudi Sports 1.sa,Saudi Sports 1.sa,REVIEW,84,0,44,44.0,44.0,0,0,100.0,0.0,100.0,sa,,REPEATED_TITLE=96%; LOW_TITLE_DIVERSITY=4%,السعودية الرياضية 1,السعودية الرياضية 1
mena-sa,Saudi Sports 2.sa,Saudi Sports 2.sa,REVIEW,84,0,44,44.0,44.0,0,0,0.0,100.0,100.0,sa,,REPEATED_TITLE=100%; LOW_TITLE_DIVERSITY=2%,Saudi Sports 2,Saudi Sports 2
mena-sa,Saudi Sports 3.sa,Saudi Sports 3.sa,REVIEW,84,0,44,44.0,44.0,0,0,0.0,100.0,100.0,sa,,REPEATED_TITLE=100%; LOW_TITLE_DIVERSITY=2%,Saudi Sports 3,Saudi Sports 3
mena-sa,Saudi Sunnah.sa,Saudi Sunnah.sa,REVIEW,84,0,44,44.0,44.0,0,0,100.0,0.0,100.0,sa,,REPEATED_TITLE=100%; LOW_TITLE_DIVERSITY=2%,أحاديث نبوية شريفة,أحاديث نبوية شريفة
mena-sa,Saudi.Al.Ekhbariya.HD.ae,Saudi Al Ekhbariya HD,REVIEW,76,0,105,48.75,48.75,0,105,0.0,100.0,0.0,ae,,EMPTY_DESC=105(100%); LOW_TITLE_DIVERSITY=16%; FOREIGN_FEED_ID=AE_EXPECTED=SA,The First News,Clearly
mena-sa,Saudi.HD.ae,Saudi HD,REVIEW,84,0,63,50.0,50.0,0,63,0.0,100.0,0.0,ae,,EMPTY_DESC=63(100%); FOREIGN_FEED_ID=AE_EXPECTED=SA,Saudi Arabia's Morning,Kingdom Innovations
mena-sa,Saudi.Thikrayat.ae,Saudi Thikrayat,REVIEW,84,0,69,48.5,48.5,0,69,0.0,100.0,0.0,ae,,EMPTY_DESC=69(100%); FOREIGN_FEED_ID=AE_EXPECTED=SA,Steps On The Road,A Play
mena-sa,Saudiya TV.eg,Saudiya TV.eg,REVIEW,84,0,47,35.33,35.33,0,47,44.7,55.3,0.0,eg,,EMPTY_DESC=47(100%); FOREIGN_FEED_ID=EG_EXPECTED=SA,Mishraq,Ana Wala Ana
mena-sa,SBC.sa@SD,SBC,PASS,100,1,48,44.0,44.0,0,0,100.0,0.0,100.0,sa,,,عيلة الملك,فارس بلا جواز
mena-sa,ThikrayatTV.sa@SD,ذكريات,REVIEW,92,0,50,42.0,42.0,0,13,100.0,0.0,100.0,sa,,EMPTY_DESC=13(26%),خطوات على الجبال,برنامج الإجازة والصيف
mena-ae,AlDafrahTV.ae@SD,الظفرة,REVIEW,92,0,45,42.0,42.0,0,13,100.0,0.0,100.0,ae,,EMPTY_DESC=13(29%),التاسع من فبراير,الكندوش ج2
mena-ae,AlSharqiyaMinKabla.ae@SD,الشرقية,REVIEW,92,0,17,10.5,10.5,0,10,100.0,0.0,100.0,ae,,EMPTY_DESC=10(59%),أبجد هوس,أهل المدينة
mena-ae,CartoonNetworkArabic.ae@SD,CN Arabia,PASS,100,1,72,39.08,39.08,0,0,100.0,0.0,100.0,ae,,,غريزي أند ذا ليمينغز,ذا توم أند جيري شوو
mena-ae,CNBC.Arabiya.ae,CNBC Arabiya,REVIEW,84,0,90,48.5,48.5,0,90,100.0,100.0,0.0,ae,,EMPTY_DESC=90(100%); LOW_TITLE_DIVERSITY=14%; DUPLICATE_TIMELINE_GROUP=2,المستقبل الآن,عن كثب
mena-ae,Emarat.HD.ae,Emarat HD,REVIEW,92,0,65,48.5,48.5,0,65,0.0,100.0,0.0,ae,,EMPTY_DESC=65(100%),Magic Of The Neighbourhoods,A Velvet Cage
mena-ae,Emirates.eg,Emirates.eg,REVIEW,84,0,50,36.5,36.5,0,50,34.0,66.0,0.0,eg,,EMPTY_DESC=50(100%); FOREIGN_FEED_ID=EG_EXPECTED=AE,Qafas Mekhmali,Kunna Ams
mena-ae,Fujairah TV.sa,Fujairah TV.sa,REVIEW,76,0,44,44.0,44.0,0,0,100.0,0.0,100.0,sa,,REPEATED_TITLE=100%; LOW_TITLE_DIVERSITY=2%; FOREIGN_FEED_ID=SA_EXPECTED=AE,الفجيرة,الفجيرة
mena-ae,Fujairah.eg,Fujairah.eg,REVIEW,84,0,49,46.5,46.5,0,49,44.9,55.1,0.0,eg,,EMPTY_DESC=49(100%); FOREIGN_FEED_ID=EG_EXPECTED=AE,El Masyada,Fares Bella Gawaz
mena-ae,FujairahTV.ae@SD,الفجيرة,REVIEW,92,0,44,42.0,42.0,0,18,100.0,0.0,100.0,ae,,EMPTY_DESC=18(41%),المصيدة,فارس بلا جواز
mena-ae,NickelodeonArabia.ae@SD,Nickelodeon HD,REVIEW,92,0,110,38.58,38.58,0,0,100.0,0.0,100.0,ae,,LOW_TITLE_DIVERSITY=16%,ذا ثنديرمانز: اندر كوفر,هنري دينجر
mena-ae,NickJrArabia.ae@SD,Nick Jr HD,REVIEW,92,0,135,38.75,38.75,0,0,100.0,0.0,100.0,ae,,LOW_TITLE_DIVERSITY=12%,ذا كريايتشر كايسز,رابل آند كرو
mena-ae,NicktoonsArabia.ae@SD,NickToons HD,REVIEW,92,0,117,38.83,38.83,0,0,100.0,0.9,100.0,ae,,LOW_TITLE_DIVERSITY=20%,ذا لاود هاوس,ذا لاود هاوس
mena-ae,Sharjah Quran.sa,Sharjah Quran.sa,REVIEW,76,0,44,44.0,44.0,0,0,100.0,0.0,100.0,sa,,REPEATED_TITLE=100%; LOW_TITLE_DIVERSITY=2%; FOREIGN_FEED_ID=SA_EXPECTED=AE,القرآن الكريم الشارقة,القرآن الكريم الشارقة
mena-ae,Sharjah Sports.sa,Sharjah Sports.sa,REVIEW,76,0,44,44.0,44.0,0,0,100.0,0.0,100.0,sa,,REPEATED_TITLE=100%; LOW_TITLE_DIVERSITY=2%; FOREIGN_FEED_ID=SA_EXPECTED=AE,الشارقة الرياضية,الشارقة الرياضية
mena-ae,Sharjah TV.sa,Sharjah TV.sa,REVIEW,76,0,44,44.0,44.0,0,0,100.0,0.0,100.0,sa,,REPEATED_TITLE=100%; LOW_TITLE_DIVERSITY=2%; FOREIGN_FEED_ID=SA_EXPECTED=AE,الشارقة,الشارقة
mena-ae,Sharjah.HD.ae,Sharjah HD,REVIEW,92,0,59,48.6,48.6,0,59,0.0,100.0,0.0,ae,,EMPTY_DESC=59(100%),The Origin Of Letters,Flavors In Sharjah
mena-ae,SharjahTV.ae@SD,الشارقة,REVIEW,92,0,17,10.58,10.58,0,14,100.0,0.0,100.0,ae,,EMPTY_DESC=14(82%),برنامج,برنامج الخط المباشر
mena-ae,SkyNewsArabia.ae@SD,Sky News Arabia HD,REVIEW,84,0,57,38.5,38.5,0,0,100.0,73.7,100.0,ae,,REPEATED_TITLE=74%; LOW_TITLE_DIVERSITY=14%,Sky News عربية HD,غرفة اخبار الظهيرة
mena-ae,StarMoviesMiddleEast.ae@SD,Star Movies Middle East,REVIEW,92,0,6,10.08,10.08,0,6,100.0,0.0,0.0,ae,,EMPTY_DESC=6(100%),ديتيكتيف نايت روج,ديتكتيف نايت إندبندنس
mena-ae,StarWorldMiddleEast.ae@SD,Star World Middle East,REVIEW,92,0,60,11.13,11.13,0,60,100.0,76.7,0.0,ae,,EMPTY_DESC=60(100%),E12 | S1 دوريات المخلاب,E28 | S2
mena-ae,ZeeAlwan.ae@SD,زي ألوان,PASS,100,1,9,9.0,9.0,0,0,100.0,77.8,100.0,ae,,,Sunflower,The Stickman
mena-qa,Al.Jazeera.Mobasher.2.HD.ae,Al Jazeera Mobasher 2 HD,REVIEW,76,0,62,49.0,49.0,0,62,0.0,100.0,0.0,ae,,EMPTY_DESC=62(100%); LOW_TITLE_DIVERSITY=14%; FOREIGN_FEED_ID=AE_EXPECTED=QA; DUPLICATE_TIMELINE_GROUP=3,News,News
mena-qa,Al.Jazeera.Mobasher.HD.ae,Al Jazeera Mobasher HD,REVIEW,76,0,62,49.0,49.0,0,62,0.0,100.0,0.0,ae,,EMPTY_DESC=62(100%); LOW_TITLE_DIVERSITY=14%; FOREIGN_FEED_ID=AE_EXPECTED=QA; DUPLICATE_TIMELINE_GROUP=3,News,News
mena-qa,Al.Rayyan.Al.Qadeem.HD.ae,Al Rayyan Al Qadeem HD,REVIEW,84,0,51,49.0,49.0,0,51,0.0,100.0,0.0,ae,,EMPTY_DESC=51(100%); FOREIGN_FEED_ID=AE_EXPECTED=QA,Diaries Of Saied And Saieda,From The Archive
mena-qa,Al.Rayyan.HD.ae,Al Rayyan HD,REVIEW,84,0,49,50.0,50.0,0,49,0.0,100.0,0.0,ae,,EMPTY_DESC=49(100%); FOREIGN_FEED_ID=AE_EXPECTED=QA; DUPLICATE_TIMELINE_GROUP=2; DUPLICATE_TIMELINE_UNRELATED,A Blessing Morning,Happy Marriage
mena-qa,AlArabyTV.qa@SD,Al Araby TV,REVIEW,92,0,50,39.0,39.0,0,0,100.0,0.0,100.0,qa,,LOW_TITLE_DIVERSITY=18%,الأخبار,الأخبار
mena-qa,AlArabyTV2.qa@SD,Al Araby 2,PASS,100,1,47,38.5,38.5,0,0,100.0,0.0,100.0,qa,,,العربي تك,ضفاف
mena-qa,Aljazeera-Documentary-1.qa,Aljazeera-Documentary-1.qa,REVIEW,84,0,52,40.97,43.0,0,52,100.0,0.0,0.0,qa,,EMPTY_DESC=52(100%); LOW_TITLE_DIVERSITY=17%,مورنينج شو,نيوز
mena-qa,AlJazeera.Arabic.net,AlJazeera Arabic,REVIEW,76,0,42,49.0,49.0,0,2,100.0,100.0,100.0,,,EMPTY_DESC=2(5%); REPEATED_TITLE=86%; LOW_TITLE_DIVERSITY=7%,نشرة الأخبار,نشرة الأخبار
mena-qa,AlJazeera.English.net,AlJazeera English,REVIEW,92,0,75,48.5,48.5,0,75,0.0,100.0,0.0,,,EMPTY_DESC=75(100%),Witness : Forced to Flee South Lebanon,NEWSHOUR
mena-qa,AlJazeera.qa@Arabic,Al Jazeera Arabic,REVIEW,76,0,31,39.0,39.0,0,2,100.0,0.0,100.0,qa,,EMPTY_DESC=2(6%); REPEATED_TITLE=87%; LOW_TITLE_DIVERSITY=10%,نشرة الأخبار,نشرة الأخبار
mena-qa,AlJazeera2.qa@HD,Al Jazeera 2,REVIEW,84,0,20,12.0,30.0,1,1,100.0,0.0,100.0,qa,,EMPTY_DESC=1(5%); GAPS_GT_2H=1/TOTAL=18.0h,نشرة الأخبار,شبكات
mena-qa,Baraem.qa@SD,BaraemTV,REVIEW,84,0,65,15.0,15.0,0,65,100.0,81.5,0.0,qa,,SHORT_LT_2M=2; EMPTY_DESC=65(100%),Baraem Night Loop EP 7,Baraem Night Loop EP 7
mena-qa,BeJunior.qa@SD,Be Junior,REVIEW,92,0,51,41.22,42.75,0,51,100.0,0.0,0.0,qa,,EMPTY_DESC=51(100%),لوست تريجرز أوف ذا مايا,كار إس أو إس
mena-qa,FoxActionMoviesMENA.hk@SD,Fox Action Movies MENA,REVIEW,84,0,5,10.02,10.02,0,5,100.0,0.0,0.0,,,EMPTY_DESC=5(100%); REPEATED_TITLE=100%,الفايكنغ الأخير,الفايكنغ الأخير
mena-qa,FoxMoviesMiddleEast.us@SD,Fox Movies Middle East,REVIEW,84,0,7,10.5,10.5,0,7,100.0,0.0,0.0,,,EMPTY_DESC=7(100%); REPEATED_TITLE=100%,سمكة البوت بوت,سمكة البوت بوت
mena-qa,Qatar.2.HD.ae,Qatar 2 HD,REVIEW,84,0,88,48.75,48.75,0,88,0.0,100.0,0.0,ae,,EMPTY_DESC=88(100%); FOREIGN_FEED_ID=AE_EXPECTED=QA,Joseph: The Best Story,History Of Mosques
mena-qa,Qatar.TV.HD.ae,Qatar TV HD,REVIEW,76,0,53,48.42,48.42,0,53,0.0,100.0,0.0,ae,,LONG_GT_6H=2; EMPTY_DESC=53(100%); FOREIGN_FEED_ID=AE_EXPECTED=QA,Family Support,Virtues Of Islam
mena-kw,AlraiTV.kw@SD,Al Rai TV,REVIEW,84,0,72,39.0,39.0,0,46,100.0,0.0,100.0,kw,,EMPTY_DESC=46(64%); LOW_TITLE_DIVERSITY=4%,الراي,الراي
mena-kw,KTV Channel 1 HD.sa,KTV Channel 1 HD.sa,REVIEW,84,0,109,46.5,46.5,0,109,100.0,0.0,0.0,sa,,EMPTY_DESC=109(100%); FOREIGN_FEED_ID=SA_EXPECTED=KW,المؤشر,ليالي الكويت
mena-kw,Kuwait.Sport.HD.ae,Kuwait Sport HD,REVIEW,68,0,33,41.0,41.5,0,33,0.0,100.0,0.0,ae,,EMPTY_DESC=33(100%); PLACEHOLDER=1; GENERIC_GUIDE=3%; FOREIGN_FEED_ID=AE_EXPECTED=KW; DUPLICATE_TIMELINE_GROUP=6,Sport TV Magazine,ON Target
mena-kw,Kuwait.TV.1.HD.ae,Kuwait TV 1 HD,REVIEW,84,0,62,48.33,48.33,0,62,0.0,100.0,0.0,ae,,EMPTY_DESC=62(100%); FOREIGN_FEED_ID=AE_EXPECTED=KW,Prophet Muhammad Virtues,We Survive With You
mena-kw,Kuwait.TV.Sport.Plus.HD.ae,Kuwait TV Sport Plus HD,REVIEW,68,0,33,41.0,41.5,0,33,0.0,100.0,0.0,ae,,EMPTY_DESC=33(100%); PLACEHOLDER=1; GENERIC_GUIDE=3%; FOREIGN_FEED_ID=AE_EXPECTED=KW; DUPLICATE_TIMELINE_GROUP=6,Sport TV Magazine,ON Target
mena-bh,Bahrain Sports TV.sa,Bahrain Sports TV.sa,REVIEW,76,0,44,44.0,44.0,0,0,100.0,0.0,100.0,sa,,REPEATED_TITLE=100%; LOW_TITLE_DIVERSITY=2%; FOREIGN_FEED_ID=SA_EXPECTED=BH,البحرين الرياضية,البحرين الرياضية
mena-bh,BahrainTV.bh@SD,Bahrain TV,PASS,100,1,84,38.38,38.38,0,0,100.0,0.0,100.0,bh,,,على الخارطة,مساء الخير
mena-om,Oman Al Thakafeyah.sa,Oman Al Thakafeyah.sa,REVIEW,92,0,91,42.92,42.92,0,0,100.0,0.0,100.0,sa,,FOREIGN_FEED_ID=SA_EXPECTED=OM,رحلة الاستكشاف,أخبار الثقافة
mena-om,Oman Mubasher.sa,Oman Mubasher.sa,REVIEW,92,0,88,42.67,42.67,0,0,100.0,0.0,100.0,sa,,FOREIGN_FEED_ID=SA_EXPECTED=OM,متون,الأخبار
mena-om,Oman Sport.sa,Oman Sport.sa,REVIEW,92,0,30,45.5,45.5,0,0,100.0,0.0,100.0,sa,,FOREIGN_FEED_ID=SA_EXPECTED=OM,الحدث,دورة الألعاب الشاطئية - مسقط
mena-om,Oman TV Mubashir.sa,Oman TV Mubashir.sa,REVIEW,84,0,20,10.33,10.33,0,20,100.0,0.0,0.0,sa,,EMPTY_DESC=20(100%); FOREIGN_FEED_ID=SA_EXPECTED=OM,متون,أخبار عمان
mena-om,Oman.eg,Oman.eg,REVIEW,84,0,86,45.42,45.42,0,86,57.0,43.0,0.0,eg,,EMPTY_DESC=86(100%); FOREIGN_FEED_ID=EG_EXPECTED=OM,برنامج متون,أخبار الثانية
mena-om,Oman.TV.Mubasher.HD.ae,Oman TV Mubasher HD,REVIEW,84,0,49,50.0,50.0,0,49,0.0,100.0,0.0,ae,,EMPTY_DESC=49(100%); FOREIGN_FEED_ID=AE_EXPECTED=OM; DUPLICATE_TIMELINE_GROUP=2; DUPLICATE_TIMELINE_UNRELATED,A Blessing Morning,Happy Marriage
mena-om,Oman.TV.Sport.HD.ae,Oman TV Sport HD,REVIEW,84,0,8,11.0,11.0,0,8,100.0,0.0,0.0,ae,,EMPTY_DESC=8(100%); FOREIGN_FEED_ID=AE_EXPECTED=OM,مباراة كرة قدم,دورة الألعاب الشاطئية
mena-om,OmanSportsTV.om,قناة عمان الرياضية,REVIEW,92,0,26,35.0,35.0,0,26,100.0,0.0,0.0,om,,EMPTY_DESC=26(100%),دوري جندال لكرة القدم 2026 - 2027 - الحلقة 9,التضامن///+ اهداف
mena-om,OmanTV.om,قناة عمان العامة,REVIEW,92,0,72,35.25,35.33,0,72,100.0,4.2,0.0,om,,EMPTY_DESC=72(100%); DUPLICATE_TIMELINE_GROUP=2,متون,اخبار الثانية
mena-om,OmanTV.om@SD,Oman TV,PASS,100,1,75,38.92,38.92,0,0,100.0,0.0,100.0,om,,,متون,الأخبار
mena-om,OmanTVCultural.om,قناة عمان الثقافية,REVIEW,92,0,72,35.08,35.25,0,72,100.0,0.0,0.0,om,,EMPTY_DESC=72(100%),البرنامج الثقافي - رحلة الاستكشاف,R2 برنامج / اخبار الثقافة
mena-om,OmanTVMubashir.om,قناة عمان مباشر,REVIEW,92,0,72,35.25,35.33,0,72,100.0,4.2,0.0,om,,EMPTY_DESC=72(100%); DUPLICATE_TIMELINE_GROUP=2,متون,اخبار الثانية
mena-jo,Al Mamlaka TV.sa,Al Mamlaka TV.sa,REVIEW,84,0,80,43.92,43.92,0,0,96.2,3.8,100.0,sa,,LOW_TITLE_DIVERSITY=16%; FOREIGN_FEED_ID=SA_EXPECTED=JO,صوت المملكة,الأخبار
mena-jo,AmmanTV.jo@SD,عَمان,REVIEW,84,0,32,33.0,39.5,1,24,100.0,9.4,100.0,jo,,EMPTY_DESC=24(75%); GAPS_GT_2H=1/TOTAL=6.5h,برنامج سلام الروح,برنامج تي روئ
mena-jo,Jordan TV.sa,Jordan TV.sa,REVIEW,76,0,44,44.0,44.0,0,0,100.0,0.0,100.0,sa,,REPEATED_TITLE=100%; LOW_TITLE_DIVERSITY=2%; FOREIGN_FEED_ID=SA_EXPECTED=JO,التلفزيون الأردني,التلفزيون الأردني
mena-jo,Jordan.Sport.HD.ae,Jordan Sport HD,REVIEW,68,0,33,41.0,41.5,0,33,0.0,100.0,0.0,ae,,EMPTY_DESC=33(100%); PLACEHOLDER=1; GENERIC_GUIDE=3%; FOREIGN_FEED_ID=AE_EXPECTED=JO; DUPLICATE_TIMELINE_GROUP=6,Sport TV Magazine,ON Target
mena-jo,JordanTV.jo@SD,الأردن,REVIEW,92,0,60,42.0,42.0,0,40,100.0,0.0,100.0,jo,,EMPTY_DESC=40(67%),برنامج المطبخ,برنامج +962
mena-jo,RoyaComedy.jo@SD,Roya Comedy,REVIEW,92,0,81,35.68,35.68,0,0,100.0,0.0,100.0,jo,,LOW_TITLE_DIVERSITY=17%,الموسم الأول,الموسم الأول
mena-jo,RoyaKids.jo@SD,Roya Kids,REVIEW,76,0,55,35.85,35.85,0,3,100.0,10.9,100.0,jo,,SHORT_LT_2M=4; EMPTY_DESC=3(5%); LOW_TITLE_DIVERSITY=14%,فترة الاطفال - فيكسيز,الموسم الثامن
mena-jo,RoyaKitchen.jo@SD,Roya Kitchen,REVIEW,92,0,116,35.42,35.43,0,0,100.0,0.0,100.0,jo,,LOW_TITLE_DIVERSITY=8%,مطبخ رؤيا - نصائح صحية,مطبخ رؤيا
mena-jo,RoyaNews.jo@SD,Roya News,REVIEW,92,0,50,35.5,35.5,0,6,100.0,0.0,100.0,jo,,EMPTY_DESC=6(12%),موجز الأخبار,من هنا نبدأ
mena-jo,RoyaTV.jo@SD,Roya TV,PASS,100,1,32,35.5,35.5,0,0,100.0,0.0,100.0,jo,,,كرفان,نقطة انتهى
mena-lb,Aghani Aghani.sa,Aghani Aghani.sa,REVIEW,76,0,44,44.0,44.0,0,0,100.0,0.0,100.0,sa,,REPEATED_TITLE=100%; LOW_TITLE_DIVERSITY=2%; FOREIGN_FEED_ID=SA_EXPECTED=LB,أغاني,أغاني
mena-lb,Al Jadeed TV.eg,Al Jadeed TV.eg,REVIEW,84,0,12,11.0,11.0,0,12,33.3,66.7,0.0,eg,,EMPTY_DESC=12(100%); FOREIGN_FEED_ID=EG_EXPECTED=LB,Taht Sabe' Ard,Trap
mena-lb,AlJadeed.lb@SD,الجديد,REVIEW,92,0,12,11.0,11.0,0,4,100.0,0.0,100.0,lb,,EMPTY_DESC=4(33%),تحت سابع أرض,الفخ
mena-lb,LanaTV.lb@SD,ال تي في,REVIEW,92,0,9,9.0,9.0,0,1,100.0,11.1,100.0,lb,,EMPTY_DESC=1(11%),نبض,كسر عضم ج2: السراديب
mena-lb,LBCI.eg,LBCI.eg,REVIEW,84,0,34,34.5,34.5,0,34,47.1,67.6,0.0,eg,,EMPTY_DESC=34(100%); FOREIGN_FEED_ID=EG_EXPECTED=LB,برنامج صباحي morning talk,فيديو كليبات
mena-lb,LBCInternational.lb@SD,إل بي سي آي,REVIEW,84,0,33,32.5,39.5,1,14,100.0,12.1,100.0,lb,,EMPTY_DESC=14(42%); GAPS_GT_2H=1/TOTAL=7.0h,نشرة الاخبار,برنامج catchy talk
mena-lb,MTV.lb@SD,MTV Lebanon,REVIEW,92,0,16,46.92,46.92,0,0,100.0,100.0,100.0,lb,,LONG_GT_6H=2,ALIVE,Midday News
mena-iq,Al.Iraqiya.HD.ae,Al Iraqiya HD,REVIEW,84,0,60,49.5,49.5,0,60,0.0,100.0,0.0,ae,,EMPTY_DESC=60(100%); FOREIGN_FEED_ID=AE_EXPECTED=IQ; DUPLICATE_TIMELINE_GROUP=2,Al Shariqya Morning,A B C
mena-iq,Al.Iraqiya.News.HD.ae,Al Iraqiya News HD,REVIEW,76,0,49,49.0,49.0,0,49,0.0,100.0,0.0,ae,,EMPTY_DESC=49(100%); LOW_TITLE_DIVERSITY=12%; FOREIGN_FEED_ID=AE_EXPECTED=IQ; DUPLICATE_TIMELINE_GROUP=2,The Chair Game,The Report
mena-iq,Al.Rasheed.TV.HD.ae,Al Rasheed TV HD,REVIEW,84,0,51,50.0,50.0,0,51,0.0,100.0,0.0,ae,,EMPTY_DESC=51(100%); FOREIGN_FEED_ID=AE_EXPECTED=IQ; DUPLICATE_TIMELINE_GROUP=2; DUPLICATE_TIMELINE_UNRELATED,Dijla Morning,News
mena-iq,Al.sharqiya.News.HD.ae,Al sharqiya News HD,REVIEW,76,0,49,49.0,49.0,0,49,0.0,100.0,0.0,ae,,EMPTY_DESC=49(100%); LOW_TITLE_DIVERSITY=12%; FOREIGN_FEED_ID=AE_EXPECTED=IQ; DUPLICATE_TIMELINE_GROUP=2,The Chair Game,The Report
mena-iq,Al.Sharqiya.TV.HD.ae,Al Sharqiya TV HD,REVIEW,84,0,60,49.5,49.5,0,60,0.0,100.0,0.0,ae,,EMPTY_DESC=60(100%); FOREIGN_FEED_ID=AE_EXPECTED=IQ; DUPLICATE_TIMELINE_GROUP=2,Al Shariqya Morning,A B C
mena-iq,Al.Sumaria.TV.ae,Al Sumaria TV,REVIEW,84,0,64,49.5,49.5,0,64,0.0,100.0,0.0,ae,,EMPTY_DESC=64(100%); FOREIGN_FEED_ID=AE_EXPECTED=IQ,The People,Live Talk
mena-iq,AlIraqia.iq@SD,العراقية,REVIEW,84,0,42,33.0,39.0,1,28,100.0,9.5,100.0,iq,,EMPTY_DESC=28(67%); GAPS_GT_2H=1/TOTAL=6.0h,الو تكسي,The Little Carp
mena-iq,Alrasheed.eg,Alrasheed.eg,REVIEW,84,0,47,46.0,46.0,0,47,91.5,8.5,0.0,eg,,EMPTY_DESC=47(100%); FOREIGN_FEED_ID=EG_EXPECTED=IQ,نشرة الأخبار,برنامج مع ياسر عامر
mena-iq,AlRasheedTV.iq@SD,الرشيد,REVIEW,92,0,10,9.0,9.0,0,8,100.0,20.0,100.0,iq,,EMPTY_DESC=8(80%),اخبار,أخبار
mena-iq,Alsumaria.eg,Alsumaria.eg,REVIEW,84,0,10,11.5,11.5,0,10,50.0,70.0,0.0,eg,,EMPTY_DESC=10(100%); FOREIGN_FEED_ID=EG_EXPECTED=IQ,برنامج live talk,Qate'e Wareed
mena-iq,Alsumaria.iq@SD,السومرية,REVIEW,92,0,8,9.5,9.5,0,4,100.0,25.0,100.0,iq,,EMPTY_DESC=4(50%),برنامج عشرين,الكون في كفة
mena-iq,Dijlah TV.eg,Dijlah TV.eg,REVIEW,84,0,45,46.0,46.0,0,45,93.3,6.7,0.0,eg,,EMPTY_DESC=45(100%); FOREIGN_FEED_ID=EG_EXPECTED=IQ,أخبار,برنامج المؤشر
mena-iq,Dijlah.Zaman.ae,Dijlah Zaman,REVIEW,84,0,25,50.0,50.0,0,25,0.0,100.0,0.0,ae,,EMPTY_DESC=25(100%); FOREIGN_FEED_ID=AE_EXPECTED=IQ; DUPLICATE_TIMELINE_GROUP=2; DUPLICATE_TIMELINE_UNRELATED,My Daughters And I,Omar And Salma
mena-iq,DijlahTV.iq@SD,دجلة,REVIEW,92,0,9,9.0,9.0,0,8,100.0,0.0,100.0,iq,,EMPTY_DESC=8(89%),برنامج من الأخير,أخبار
mena-iq,Iraq.Al.Hadath.ae,Iraq Al Hadath,REVIEW,84,0,51,50.0,50.0,0,51,0.0,100.0,0.0,ae,,EMPTY_DESC=51(100%); FOREIGN_FEED_ID=AE_EXPECTED=IQ; DUPLICATE_TIMELINE_GROUP=2; DUPLICATE_TIMELINE_UNRELATED,Dijla Morning,News
mena-iq,Sharqiya from Kalba.sa,Sharqiya from Kalba.sa,REVIEW,76,0,44,44.0,44.0,0,0,100.0,0.0,100.0,sa,,REPEATED_TITLE=100%; LOW_TITLE_DIVERSITY=2%; FOREIGN_FEED_ID=SA_EXPECTED=IQ,الشرقية من كلباء,الشرقية من كلباء
mena-iq,UTV.iq@SD,يو تي في,REVIEW,92,0,12,11.0,11.0,0,8,100.0,0.0,100.0,iq,,EMPTY_DESC=8(67%),برنامج هاتريك,عودة المنتقم
mena-ps,Palestine.Sport.ae,Palestine Sport,REVIEW,68,0,33,41.0,41.5,0,33,0.0,100.0,0.0,ae,,EMPTY_DESC=33(100%); PLACEHOLDER=1; GENERIC_GUIDE=3%; FOREIGN_FEED_ID=AE_EXPECTED=PS; DUPLICATE_TIMELINE_GROUP=6,Sport TV Magazine,ON Target
mena-ye,Al.Sahat.TV.ae,Al Sahat TV,REVIEW,76,0,92,48.5,48.5,0,92,0.0,100.0,0.0,ae,,EMPTY_DESC=92(100%); LOW_TITLE_DIVERSITY=13%; FOREIGN_FEED_ID=AE_EXPECTED=YE; DUPLICATE_TIMELINE_GROUP=2; DUPLICATE_TIMELINE_UNRELATED,Stadium,From Ankara
mena-ye,HadhramautTV.ye@SD,تلفزيون حضرموت,REVIEW,84,0,39,32.5,39.67,1,32,100.0,2.6,100.0,ye,,EMPTY_DESC=32(82%); GAPS_GT_2H=1/TOTAL=7.2h,برنامج,مبروك جالك قلق
mena-dz,Echorouk TV.eg,Echorouk TV.eg,REVIEW,84,0,40,39.5,39.5,0,40,52.5,47.5,0.0,eg,,EMPTY_DESC=40(100%); FOREIGN_FEED_ID=EG_EXPECTED=DZ,برنامج صباح الشروق,Rebaa 2
mena-dz,EchoroukTV.dz@SD,الشروق الجزائرية,REVIEW,84,0,35,33.0,38.5,1,19,100.0,28.6,100.0,dz,,EMPTY_DESC=19(54%); GAPS_GT_2H=1/TOTAL=5.5h,البراني ج2,أولاد الحلال
mena-tn,ElWatania1.tn@SD,الوطنية 1,REVIEW,84,0,11,7.58,24.0,1,8,100.0,0.0,100.0,tn,,EMPTY_DESC=8(73%); GAPS_GT_2H=1/TOTAL=16.4h,برنامج وثائقي: جربة قباب من نور,برنامج قصص من الأرض
mena-tn,Nessma.eg,Nessma.eg,REVIEW,84,0,46,39.75,39.75,0,46,65.2,34.8,0.0,eg,,EMPTY_DESC=46(100%); FOREIGN_FEED_ID=EG_EXPECTED=TN,برنامج البازار,Meryem
mena-tn,NessmaElJadida.tn@SD,نسمة,REVIEW,92,0,12,8.83,8.83,0,8,100.0,25.0,100.0,tn,,EMPTY_DESC=8(67%),برنامج,برنامج البازار
mena-sd,Sudan.TV.ae,Sudan TV,REVIEW,76,0,47,49.0,49.0,0,47,0.0,100.0,0.0,ae,,EMPTY_DESC=47(100%); LOW_TITLE_DIVERSITY=17%; FOREIGN_FEED_ID=AE_EXPECTED=SD,Al Kabir Awi,We're Back
mena-sy,Althania.sy@SD,الثانية,REVIEW,84,0,30,33.5,39.5,1,11,100.0,13.3,100.0,sy,,EMPTY_DESC=11(37%); GAPS_GT_2H=1/TOTAL=6.0h,برنامج حوار بيغ كاست,حديث المرايا (مرايا 2002)
mena-other,4k DIGITAL.qa,4k DIGITAL.qa,REVIEW,92,0,9,18.63,20.25,0,9,0.0,100.0,0.0,qa,,EMPTY_DESC=9(100%),Everton v Manchester United - English Premier League 2026/2027,Arsenal v Chelsea - English Premier League 2026/2027
mena-other,Al Dafrah.sa,Al Dafrah.sa,PASS,100,1,47,44.0,44.0,0,0,100.0,0.0,100.0,sa,,,التاسع من فبراير,الكندوش
mena-other,Al Ekhbariya.sa,Al Ekhbariya.sa,REVIEW,84,0,44,44.0,44.0,0,0,100.0,0.0,100.0,sa,,REPEATED_TITLE=100%; LOW_TITLE_DIVERSITY=2%,الأخبار,الأخبار
mena-other,Al.Araby.HD.ae,Al Araby HD,REVIEW,84,0,62,49.0,49.0,0,62,0.0,100.0,0.0,ae,,EMPTY_DESC=62(100%); LOW_TITLE_DIVERSITY=14%; DUPLICATE_TIMELINE_GROUP=3,News,News
mena-other,Al.Hayah.2.ae,Al Hayah 2,REVIEW,84,0,50,48.35,48.35,0,50,0.0,100.0,0.0,ae,,EMPTY_DESC=50(100%); LOW_TITLE_DIVERSITY=20%; DUPLICATE_TIMELINE_GROUP=2; DUPLICATE_TIMELINE_UNRELATED,TV Program,May's Kitchen
mena-other,Al.Hayah.HD.ae,Al Hayah HD,REVIEW,92,0,47,49.5,49.5,0,47,0.0,100.0,0.0,ae,,EMPTY_DESC=47(100%); DUPLICATE_TIMELINE_GROUP=4,The Story Of Narges,Al Hayat's Kitchen
mena-other,Al.Hayah.Mosalsalat.ae,Al Hayah Mosalsalat,REVIEW,92,0,25,50.0,50.0,0,25,0.0,100.0,0.0,ae,,EMPTY_DESC=25(100%); DUPLICATE_TIMELINE_GROUP=2; DUPLICATE_TIMELINE_UNRELATED,My Daughters And I,Omar And Salma
mena-other,Al.Thanya.ae,Al Thanya,REVIEW,92,0,47,49.5,49.5,0,47,0.0,100.0,0.0,ae,,EMPTY_DESC=47(100%); DUPLICATE_TIMELINE_GROUP=4,The Story Of Narges,Al Hayat's Kitchen
mena-other,Alaraby TV 2.eg,Alaraby TV 2.eg,REVIEW,92,0,55,45.5,45.5,0,55,85.5,20.0,0.0,eg,,EMPTY_DESC=55(100%),برنامج العربي تك,برنامج ضفاف
mena-other,Aloula.eg,Aloula.eg,REVIEW,92,0,33,34.0,34.0,0,33,54.5,45.5,0.0,eg,,EMPTY_DESC=33(100%); DUPLICATE_TIMELINE_GROUP=2; DUPLICATE_TIMELINE_UNRELATED,برنامج من ماسبيرو,Foq Mostawa El Shobohat
mena-other,AlSharqiya.eg,AlSharqiya.eg,REVIEW,92,0,17,10.5,10.5,0,17,58.8,41.2,0.0,eg,,EMPTY_DESC=17(100%),Abjad Hawas,Ahl El Madina
mena-other,Althania.eg,Althania.eg,REVIEW,92,0,43,46.0,46.0,0,43,34.9,65.1,0.0,eg,,EMPTY_DESC=43(100%),أخبار,Baba
mena-other,Amman TV.sa,Amman TV.sa,REVIEW,84,0,44,44.0,44.0,0,0,100.0,0.0,100.0,sa,,REPEATED_TITLE=100%; LOW_TITLE_DIVERSITY=2%,تلفزيون عمّان,تلفزيون عمّان
mena-other,Amman.eg,Amman.eg,REVIEW,92,0,42,45.0,45.0,0,42,78.6,21.4,0.0,eg,,EMPTY_DESC=42(100%),برنامج بهار ونار,برنامج صحتين وهنا
mena-other,ANC.sa,ANC.sa,REVIEW,92,0,25,14.0,14.0,0,25,92.0,0.0,0.0,sa,,EMPTY_DESC=25(100%),بوتلاك,إكزوكيتيف كلاس
mena-other,Anewz.ae,Anewz,REVIEW,84,0,92,48.5,48.5,0,92,0.0,100.0,0.0,ae,,EMPTY_DESC=92(100%); LOW_TITLE_DIVERSITY=13%; DUPLICATE_TIMELINE_GROUP=2; DUPLICATE_TIMELINE_UNRELATED,Stadium,From Ankara
mena-other,AnimalPlanetEurope.uk@SD,Animal Planet HD,PASS,100,1,44,39.0,39.0,0,0,100.0,0.0,100.0,,,,أنيمال كوبس فيلادلفيا,لون ستار لو
mena-other,ar:.آسيا.نت.ae,ar: آسيا نت,PASS,100,1,42,49.0,49.0,0,0,100.0,11.9,100.0,ae,,,Bigg Boss Malayalam,كيشكيندا كاندام
mena-other,ar:.آسيا.نت.بلس.ae,ar: آسيا نت بلس,REVIEW,84,0,43,49.0,49.0,0,0,100.0,0.0,100.0,ae,,REPEATED_TITLE=100%; LOW_TITLE_DIVERSITY=2%,فيلم,فيلم
mena-other,ar:.آسيا.نت.موفيز.ae,ar: آسيا نت موفيز,PASS,100,1,18,51.0,51.0,0,0,100.0,5.6,100.0,ae,,,ماليكابورام,كورونا بيبرز
mena-other,ar:.أبوظبي.الرياضية.إكسترا.ae,ar: أبوظبي الرياضية إكسترا,REVIEW,84,0,49,49.0,49.0,0,0,100.0,0.0,100.0,ae,,REPEATED_TITLE=100%; LOW_TITLE_DIVERSITY=2%,أبوظبي الرياضية آسيا 2,أبوظبي الرياضية آسيا 2
mena-other,ar:.أبوظبي.الرياضية.بريميوم.2.-.الدوري.الإيطالي.ae,ar: أبوظبي الرياضية بريميوم 2 - الدوري الإيطالي,REVIEW,84,0,49,49.0,49.0,0,0,100.0,100.0,100.0,ae,,REPEATED_TITLE=100%; LOW_TITLE_DIVERSITY=2%,StarzPLAY Sports 2,StarzPLAY Sports 2
mena-other,ar:.العربية.بيزنس.-.مباشر.ae,ar: العربية بيزنس - مباشر,REVIEW,92,0,48,49.0,49.0,0,0,100.0,52.1,100.0,ae,,LOW_TITLE_DIVERSITY=15%,الأسواق العربية,غداء عمل
mena-other,ar:.بلوم.ae,ar: بلوم,REVIEW,92,0,293,48.35,48.35,0,0,100.0,11.6,100.0,ae,,LOW_TITLE_DIVERSITY=16%,Dog Loves Books,بوسنو!
mena-other,ar:.زي.تي.في.ae,ar: زي تي في,REVIEW,92,0,89,48.75,48.75,0,0,100.0,0.0,100.0,ae,,LOW_TITLE_DIVERSITY=12%,حياة قلبي,هامارا باريفار
mena-other,ar:.ست.ماكس.ae,ar: ست ماكس,PASS,100,1,27,50.12,50.12,0,0,100.0,7.4,100.0,ae,,,ناماستيي لندن,أشيقي
mena-other,ar:.ستار.بلس.ae,ar: ستار بلس,REVIEW,92,0,91,48.5,48.5,0,0,100.0,0.0,100.0,ae,,LOW_TITLE_DIVERSITY=12%,كيونكي رشتون كي بهي روب بادلتي هين,أودني كي آشا
mena-other,ar:.ستارز.بلاي.سبورتس.1.ae,ar: ستارز بلاي سبورتس 1,REVIEW,84,0,49,49.0,49.0,0,0,100.0,100.0,100.0,ae,,REPEATED_TITLE=100%; LOW_TITLE_DIVERSITY=2%,StarzPLAY Sports 1,StarzPLAY Sports 1
mena-other,ar:.ستارزبلاي.رغبي.ae,ar: ستارزبلاي رغبي,REVIEW,92,0,14,49.07,49.07,0,0,100.0,100.0,100.0,ae,,LONG_GT_6H=1,South Africa U20 vs. Uruguay U20 - World Rugby Under 20 Championship,Argentina vs. Scotland - Nations Championship 2026
mena-other,ar:.ستارزبلاي.كريكيت.1.ae,ar: ستارزبلاي كريكيت 1,PASS,100,1,40,49.28,49.28,0,0,100.0,62.5,100.0,ae,,,Asia Cup 2025: Super Four- Sri Lanka vs Bangladesh - Asian Blockbusters,ICC U19 Men's ODI World Cup 2026: England vs. Scotland - Future Stars Zone
mena-other,ar:.سوني.تي.في.ae,ar: سوني تي في,REVIEW,92,0,59,49.5,49.5,0,0,100.0,0.0,100.0,ae,,LOW_TITLE_DIVERSITY=12%,تيم فيفر أون ذا كابيل شارما شو,كرايم باترول
mena-other,ar:.قناة.الحدث.-.مباشر.ae,ar: قناة الحدث - مباشر,REVIEW,84,0,71,50.0,50.0,0,0,100.0,0.0,100.0,ae,,REPEATED_TITLE=93%; LOW_TITLE_DIVERSITY=4%,استوديو الحدث,أخبار الحدث
mena-other,ar:.كلرز.إتش.دي.ae,ar: كلرز إتش دي,REVIEW,92,0,81,48.5,48.5,0,0,100.0,0.0,100.0,ae,,LOW_TITLE_DIVERSITY=11%,سيهر هوني كو هاي,باريلي كي باتشان
mena-other,ar:.ياس.تي.في.إكسترا.ae,ar: ياس تي في إكسترا,REVIEW,84,0,49,49.0,49.0,0,0,100.0,0.0,100.0,ae,,REPEATED_TITLE=100%; LOW_TITLE_DIVERSITY=2%,أبوظبي الرياضية آسيا 1,أبوظبي الرياضية آسيا 1
mena-other,Arirang.World.ae,Arirang World,REVIEW,92,0,107,48.5,48.5,0,107,0.0,100.0,0.0,ae,,EMPTY_DESC=107(100%); DUPLICATE_TIMELINE_GROUP=2; DUPLICATE_TIMELINE_UNRELATED,News generation,Culture Crunch
mena-other,Asharq Discovery.sa,Asharq Discovery.sa,REVIEW,84,0,12,48.0,48.0,0,0,100.0,0.0,100.0,sa,,REPEATED_TITLE=100%; LOW_TITLE_DIVERSITY=8%,الشرق ديسكفري,الشرق ديسكفري
mena-other,Asharq.sa,Asharq.sa,REVIEW,84,0,12,48.0,48.0,0,0,100.0,0.0,100.0,sa,,REPEATED_TITLE=100%; LOW_TITLE_DIVERSITY=8%,الشرق,الشرق
mena-other,Baby-TV-2.qa,Baby-TV-2.qa,REVIEW,92,0,39,42.97,45.0,0,39,100.0,0.0,0.0,qa,,EMPTY_DESC=39(100%),سي إن إن نيوز رووم,سي إن إن هيدلاين إكسبريس
mena-other,Bara3em-1.qa,Bara3em-1.qa,REVIEW,92,0,116,42.8,43.0,0,116,0.0,100.0,0.0,qa,,EMPTY_DESC=116(100%),Phineas and Ferb - Split Personality /Brain Drain,The Dragon Boster - Sum of Its Parts
mena-other,BBC Arabic.sa,BBC Arabic.sa,REVIEW,84,0,44,44.0,44.0,0,0,100.0,100.0,100.0,sa,,REPEATED_TITLE=100%; LOW_TITLE_DIVERSITY=2%,BBC عربي,BBC عربي
mena-other,BBC World News.sa,BBC World News.sa,REVIEW,92,0,109,43.0,43.0,0,0,100.0,0.0,100.0,sa,,LOW_TITLE_DIVERSITY=17%,أخبار بي بي سي,أخبار بي بي سي
mena-other,BBCArabic.uk@SD,BBC World,REVIEW,92,0,97,38.5,38.5,0,0,100.0,11.3,100.0,,,LOW_TITLE_DIVERSITY=18%,بي بي سي نيوز,بي بي سي نيوز
mena-other,beJUNIOR-1.qa,beJUNIOR-1.qa,REVIEW,92,0,70,43.05,44.58,0,70,0.0,100.0,0.0,qa,,EMPTY_DESC=70(100%),Looney Tunes,Scooby - Doo and Guess Who?
mena-other,Bigg.sa,Bigg.sa,REVIEW,84,0,44,44.0,44.0,0,0,0.0,100.0,100.0,sa,,REPEATED_TITLE=100%; LOW_TITLE_DIVERSITY=2%,Bigg TV,Bigg TV
mena-other,Blippi And Friends.sa,Blippi And Friends.sa,REVIEW,84,0,109,46.52,46.52,0,109,100.0,0.0,0.0,sa,,EMPTY_DESC=109(100%); LOW_TITLE_DIVERSITY=16%,بليبي,مياز ماجيك بلايغراوند
mena-other,Bloomberg.sa,Bloomberg.sa,REVIEW,76,0,36,47.0,47.0,0,36,0.0,100.0,0.0,sa,,EMPTY_DESC=36(100%); REPEATED_TITLE=100%; LOW_TITLE_DIVERSITY=3%,Bloomberg,Bloomberg
mena-other,BloombergOriginals.us@SD,Bloomberg Originals,REVIEW,84,0,43,38.5,38.5,0,0,100.0,79.1,100.0,,,REPEATED_TITLE=79%; LOW_TITLE_DIVERSITY=7%,Bloomberg Originals,Bloomberg Originals
mena-other,BoxOffice1 DIGITAL.qa,BoxOffice1 DIGITAL.qa,REVIEW,76,0,27,40.53,43.5,0,27,100.0,0.0,0.0,qa,,EMPTY_DESC=27(100%); REPEATED_TITLE=100%; LOW_TITLE_DIVERSITY=4%,سمكة البوت بوت,سمكة البوت بوت
mena-other,BoxOffice2 DIGITAL.qa,BoxOffice2 DIGITAL.qa,REVIEW,76,0,20,40.0,44.0,0,20,100.0,0.0,0.0,qa,,EMPTY_DESC=20(100%); REPEATED_TITLE=100%; LOW_TITLE_DIVERSITY=5%,الفايكنغ الأخير,الفايكنغ الأخير
mena-other,Cartoon Network Arabic.sa,Cartoon Network Arabic.sa,PASS,100,1,76,43.08,43.08,0,0,100.0,0.0,100.0,sa,,,غريزي آند ذا ليمنغز,ذا توم آند جيري شو
mena-other,Cartoon-Network-Arabic-1.qa,Cartoon-Network-Arabic-1.qa,REVIEW,84,0,204,40.4,42.37,0,204,91.2,82.8,0.0,qa,,SHORT_LT_2M=6; EMPTY_DESC=204(100%),E6 | S1 حديقة حيوانات ليل,E17 | S2 أين تشيكي
mena-other,Cartoonito.sa,Cartoonito.sa,REVIEW,92,0,222,42.58,42.58,0,0,100.0,0.0,100.0,sa,,SHORT_LT_2M=2,ذا توم آند جيري شو:تك-تايك-دوو,ذا توم آند جيري شو:هير توداي، غارن تومورو/هانغر غيمز/بينتش هيتار
mena-other,CartoonNetworkMENA.uk@SD,Cartoon Network HD,REVIEW,92,0,196,38.33,38.33,0,0,100.0,0.0,100.0,,,LOW_TITLE_DIVERSITY=12%,توتالي سبايز!,توتالي سبايز!
mena-other,CBeebies-1.qa,CBeebies-1.qa,REVIEW,92,0,188,41.6,42.03,0,188,89.4,83.5,0.0,qa,,EMPTY_DESC=188(100%),E55 | S1 دونكي هودي,أوغي أوغي - الخراف
mena-other,CGTN.ae,CGTN,REVIEW,84,0,91,48.75,48.75,0,91,0.0,100.0,0.0,ae,,EMPTY_DESC=91(100%); LOW_TITLE_DIVERSITY=15%,Global Business,The World Today
mena-other,CGTN.Arabic.ae,CGTN Arabic,REVIEW,84,0,89,48.75,48.75,0,89,100.0,100.0,0.0,ae,,EMPTY_DESC=89(100%); LOW_TITLE_DIVERSITY=12%,مسرحيات تلفزيونية,مسرحيات تلفزيونية
mena-other,Cinema One Global.sa,Cinema One Global.sa,REVIEW,92,0,7,14.0,14.0,0,7,71.4,28.6,0.0,sa,,EMPTY_DESC=7(100%),Cinema One Global,جي!
mena-other,CineMo.sa,CineMo.sa,REVIEW,92,0,8,14.0,14.0,0,8,100.0,0.0,0.0,sa,,EMPTY_DESC=8(100%),سينيتاوانان,سينيباراكو
mena-other,CN Arabic.sa,CN Arabic.sa,PASS,100,1,76,43.08,43.08,0,0,100.0,0.0,100.0,sa,,,غريزي آند ذا ليمينغز:ليمينغز إنداجيسشِن,ذا توم آند جيري شو:روزميريز غريڤي
mena-other,CN English.sa,CN English.sa,PASS,100,1,63,43.33,43.33,0,0,100.0,0.0,100.0,sa,,,توتالي سبايز:لاكتّ إن سبيس,ليغو سيتي: نو ليميتس ماكس:كوبس فيرسس فيلينز
mena-other,CNBC Arabia.sa,CNBC Arabia.sa,PASS,100,1,68,46.5,46.5,0,0,100.0,4.4,100.0,sa,,,البوصلة,تحت الضوء
mena-other,CNN.International.ae,CNN International,REVIEW,76,0,242,48.33,48.33,0,242,0.0,100.0,0.0,ae,,SHORT_LT_2M=15; EMPTY_DESC=242(100%); LOW_TITLE_DIVERSITY=12%; DUPLICATE_TIMELINE_GROUP=2; DUPLICATE_TIMELINE_UNRELATED,News,Focus
mena-other,CNNInternational.us@MENA,CNN HD,PASS,100,1,47,39.0,39.0,0,0,100.0,6.4,100.0,,,,CNN HD,سي ان ان ذيس مورنينغ
mena-other,CrimePlusInvestigation.us@SD,C & I,PASS,100,1,52,39.0,39.0,0,0,100.0,0.0,100.0,,,,امبرفيكت ميردر,ميردر باي ميدك
mena-other,Discovery Family HD.sa,Discovery Family HD.sa,PASS,100,1,55,42.75,42.75,0,0,100.0,0.0,100.0,sa,,,سبيد إز ذا نيو بلاك:غورڤيترز غَنّا هْيت,خارجون عن القانون: ممفيس:رايزينغ آريزونا
mena-other,Discovery HD.sa,Discovery HD.sa,PASS,100,1,55,43.43,43.43,0,0,100.0,0.0,100.0,sa,,,آلاسكا: آخر الحدود:مفاجأة أوتو,سالفيدج هانترز: ذا ريستوررز:لمسة سحرية
mena-other,Discovery ID.sa,Discovery ID.sa,PASS,100,1,44,44.0,44.0,0,0,100.0,0.0,100.0,sa,,,القاتل بجانبي:المنزل تقريبا,شادو أوف داوت:سينغل مام ميسنغ
mena-other,DiscoveryChannelMiddleEastAfrica.us@SD,Discovery Channel HD,PASS,100,1,50,39.53,39.53,0,0,100.0,0.0,100.0,,,,ألاسكا: ذا لاست فرونتير,سالفاج هانترز: ذا رستوريرس
mena-other,Disney Channel.sa,Disney Channel.sa,PASS,100,1,116,42.83,42.83,0,0,100.0,0.0,100.0,sa,,,كِفّ:ويرد دليفري/ نو داد آيدياز,بيغ سيتي غرينز:تايمز سيركل / سوبر غرامّا
mena-other,Disney Junior.sa,Disney Junior.sa,REVIEW,92,0,173,42.58,42.58,0,0,100.0,0.0,100.0,sa,,SHORT_LT_2M=2,بلوي:داك كيك,بلوي:داني
mena-other,Dubai.sa,Dubai.sa,PASS,100,1,51,43.5,43.5,0,0,100.0,0.0,100.0,sa,,,السيرك:وين عطا؟,من سيربح المليون
mena-other,DW.Arabia.HD.ae,DW Arabia HD,REVIEW,84,0,90,48.5,48.5,0,90,100.0,100.0,0.0,ae,,EMPTY_DESC=90(100%); LOW_TITLE_DIVERSITY=14%; DUPLICATE_TIMELINE_GROUP=2,المستقبل الآن,عن كثب
mena-other,DZMM TeleRadyo.sa,DZMM TeleRadyo.sa,REVIEW,76,0,15,14.98,14.98,0,15,0.0,100.0,0.0,sa,,EMPTY_DESC=15(100%); REPEATED_TITLE=100%; LOW_TITLE_DIVERSITY=7%,DZMM TeleRadyo,DZMM TeleRadyo
mena-other,eClutch Access.sa,eClutch Access.sa,REVIEW,76,0,47,47.0,47.0,0,47,0.0,100.0,0.0,sa,,EMPTY_DESC=47(100%); REPEATED_TITLE=100%; LOW_TITLE_DIVERSITY=2%,EClutch Access,EClutch Access
mena-other,eClutch Arabic.sa,eClutch Arabic.sa,REVIEW,76,0,47,47.0,47.0,0,47,0.0,100.0,0.0,sa,,EMPTY_DESC=47(100%); REPEATED_TITLE=100%; LOW_TITLE_DIVERSITY=2%,EClutch Live Arabic,EClutch Live Arabic
mena-other,eClutch LIVE 2.sa,eClutch LIVE 2.sa,REVIEW,76,0,47,47.0,47.0,0,47,0.0,100.0,0.0,sa,,EMPTY_DESC=47(100%); REPEATED_TITLE=100%; LOW_TITLE_DIVERSITY=2%,EClutch Live 2,EClutch Live 2
mena-other,eClutch LIVE.sa,eClutch LIVE.sa,REVIEW,76,0,47,47.0,47.0,0,47,0.0,100.0,0.0,sa,,EMPTY_DESC=47(100%); REPEATED_TITLE=100%; LOW_TITLE_DIVERSITY=2%,EClutch Live 1,EClutch Live 1
mena-other,EN:.Aflam.sa,EN: Aflam,REVIEW,84,0,6,14.42,14.42,0,6,0.0,100.0,0.0,sa,,LONG_GT_6H=1; EMPTY_DESC=6(100%),Wahed Min El Nas,The Office
mena-other,en:.Al.Arabiya.Business.-.Live.ae,en: Al Arabiya Business - Live,REVIEW,84,0,48,49.0,49.0,0,48,0.0,100.0,0.0,ae,,EMPTY_DESC=48(100%); LOW_TITLE_DIVERSITY=15%,Al-Aswaq Al-Arabiya,Power Lunch
mena-other,EN:.Al.Asouf.Channel.sa,EN: Al Asouf Channel,REVIEW,76,0,64,48.92,48.95,0,64,0.0,100.0,0.0,sa,,EMPTY_DESC=64(100%); REPEATED_TITLE=100%; LOW_TITLE_DIVERSITY=2%,Al Asouf,Al Asouf
mena-other,en:.Al.Hadath.Live.ae,en: Al Hadath Live,REVIEW,76,0,71,50.0,50.0,0,71,0.0,100.0,0.0,ae,,EMPTY_DESC=71(100%); REPEATED_TITLE=93%; LOW_TITLE_DIVERSITY=4%,Studio Al Hadath,Al Hadath News
mena-other,en:.Asianet.ME.ae,en: Asianet ME,REVIEW,92,0,42,49.0,49.0,0,42,0.0,100.0,0.0,ae,,EMPTY_DESC=42(100%),Bigg Boss Malayalam,Kishkindha Kaandam
mena-other,en:.Asianet.Movies.HD.ae,en: Asianet Movies HD,REVIEW,92,0,18,51.0,51.0,0,18,0.0,100.0,0.0,ae,,EMPTY_DESC=18(100%),Malikappuram,Corona Papers
mena-other,en:.Asianet.Plus.HD.ae,en: Asianet Plus HD,REVIEW,76,0,43,49.0,49.0,0,43,0.0,100.0,0.0,ae,,EMPTY_DESC=43(100%); REPEATED_TITLE=100%; LOW_TITLE_DIVERSITY=2%,Movie,Movie
mena-other,en:.Bloom.ae,en: Bloom,REVIEW,84,0,293,48.35,48.35,0,293,0.0,100.0,0.0,ae,,EMPTY_DESC=293(100%); LOW_TITLE_DIVERSITY=17%,Dog Loves Books,BooSnoo!
mena-other,en:.Colors.HD.ae,en: Colors HD,REVIEW,84,0,81,48.5,48.5,0,81,0.0,100.0,0.0,ae,,EMPTY_DESC=81(100%); LOW_TITLE_DIVERSITY=11%,Seher Hone Ko Hai,Bareilly Ke Bacchan
mena-other,EN:.El.Le'ba.Channel.sa,EN: El Le'ba Channel,REVIEW,76,0,81,48.65,48.68,0,81,0.0,100.0,0.0,sa,,EMPTY_DESC=81(100%); REPEATED_TITLE=100%; LOW_TITLE_DIVERSITY=1%,El Le'ba: Dawri El Abtal,El Le'ba: Dawri El Abtal
mena-other,EN:.Fairuz.sa,EN: Fairuz,REVIEW,84,0,758,48.07,48.1,0,758,0.0,100.0,0.0,sa,,EMPTY_DESC=758(100%); LOW_TITLE_DIVERSITY=4%,Layali El Shamaly,Ya Reet
mena-other,EN:.Maraya.Channel.sa,EN: Maraya Channel,REVIEW,84,0,5,15.08,15.08,0,5,0.0,100.0,0.0,sa,,LONG_GT_6H=1; EMPTY_DESC=5(100%),Maraya 2003 Episode 7,Hadeeth Al Maraya Episode 13
mena-other,EN:.Rabeh.Saqer.sa,EN: Rabeh Saqer,REVIEW,84,0,495,48.13,48.17,0,495,0.0,100.0,0.0,sa,,EMPTY_DESC=495(100%); LOW_TITLE_DIVERSITY=14%,Faqed Sheour,Khamees W Mali Kholg Azaal
mena-other,en:.SET.Max.ae,en: SET Max,REVIEW,92,0,27,50.12,50.12,0,27,0.0,100.0,0.0,ae,,EMPTY_DESC=27(100%),Namastey London,Aashiqui
mena-other,en:.Sony.TV.ae,en: Sony TV,REVIEW,84,0,59,49.5,49.5,0,59,0.0,100.0,0.0,ae,,EMPTY_DESC=59(100%); LOW_TITLE_DIVERSITY=12%,The Kapil Sharma Show,Crime Patrol
mena-other,en:.Star.Plus.HD.ae,en: Star Plus HD,REVIEW,84,0,91,48.5,48.5,0,91,0.0,100.0,0.0,ae,,EMPTY_DESC=91(100%); LOW_TITLE_DIVERSITY=12%,Kyunki Rishton Ke Bhi Roop Badalte Hain,Udne Ki Aasha
mena-other,en:.Zee.TV.HD.ae,en: Zee TV HD,REVIEW,84,0,89,48.75,48.75,0,89,0.0,100.0,0.0,ae,,EMPTY_DESC=89(100%); LOW_TITLE_DIVERSITY=12%,Kundali Bhagya,Hamara Parivar
mena-other,Esport 24.sa,Esport 24.sa,REVIEW,68,0,35,55.02,55.02,0,35,8.6,91.4,0.0,sa,,LONG_GT_6H=3; EMPTY_DESC=35(100%); REPEATED_TITLE=91%; LOW_TITLE_DIVERSITY=9%,بلاست بريمير,كأس العالم للرياضات الإلكترونية
mena-other,Euro-News.qa,Euro-News.qa,REVIEW,84,0,76,41.27,42.3,0,76,100.0,0.0,0.0,qa,,EMPTY_DESC=76(100%); LOW_TITLE_DIVERSITY=16%,القصة وما فيها,العالم اليوم
mena-other,FATAFEAT-1.qa,FATAFEAT-1.qa,REVIEW,84,0,57,42.22,42.75,0,57,100.0,0.0,0.0,qa,,EMPTY_DESC=57(100%); LOW_TITLE_DIVERSITY=12%,سافج كينجدوم,ذي إنكريدبول دكتور بول
mena-other,Fatafeat.sa,Fatafeat.sa,REVIEW,84,0,62,47.08,47.08,0,62,100.0,0.0,0.0,sa,,EMPTY_DESC=62(100%); LOW_TITLE_DIVERSITY=18%,بيت الحلويات,مطبخ منال العالم: حلويات
mena-other,Food Network.sa,Food Network.sa,PASS,100,1,60,43.5,43.5,0,0,100.0,0.0,100.0,sa,,,كيدز بيكينغ تشامبينشيب:سيتيزكيكس,غيرل مِيتس فارم:شبات دينر ذين بريكفاست
mena-other,France 24.sa,France 24.sa,REVIEW,92,0,214,43.03,43.03,0,0,100.0,0.0,100.0,sa,,LOW_TITLE_DIVERSITY=16%,منتدى الصحافة,الأخبار
mena-other,France.24.Arabic.ae,France 24 Arabic,REVIEW,76,0,273,48.5,48.5,0,273,91.6,100.0,0.0,ae,,SHORT_LT_2M=25; EMPTY_DESC=273(100%); LOW_TITLE_DIVERSITY=13%,الأخبار,الأخبار
mena-other,France.24.English.ae,France 24 English,REVIEW,76,0,242,48.33,48.33,0,242,0.0,100.0,0.0,ae,,SHORT_LT_2M=15; EMPTY_DESC=242(100%); LOW_TITLE_DIVERSITY=12%; DUPLICATE_TIMELINE_GROUP=2; DUPLICATE_TIMELINE_UNRELATED,News,Focus
mena-other,Gametoon.nl@SD,Gametoon,REVIEW,84,0,24,24.0,24.0,0,0,100.0,100.0,100.0,,,REPEATED_TITLE=100%; LOW_TITLE_DIVERSITY=4%,Gametoon,Gametoon
mena-other,GINXTV.uk@SD,Ginx,PASS,100,1,44,39.5,39.5,0,0,100.0,0.0,100.0,,,,شات اب اند بلاي,فيديوغايم نايشن
mena-other,GMA Life TV.sa,GMA Life TV.sa,REVIEW,92,0,13,14.5,14.5,0,13,100.0,0.0,0.0,sa,,EMPTY_DESC=13(100%),ريل لايف,مومي ديرست
mena-other,GMA News TV.sa,GMA News TV.sa,REVIEW,92,0,21,14.5,14.5,0,21,90.5,9.5,0.0,sa,,EMPTY_DESC=21(100%),باليتانغالي,ريسكيو
mena-other,GMA Pinoy TV.sa,GMA Pinoy TV.sa,REVIEW,92,0,18,12.58,12.58,0,18,100.0,0.0,0.0,sa,,EMPTY_DESC=18(100%),ذا ماستر كاتر,فاميلي فود
mena-other,H2 HD.sa,H2 HD.sa,REVIEW,84,0,30,22.0,46.5,1,30,100.0,0.0,0.0,sa,,EMPTY_DESC=30(100%); GAPS_GT_2H=1/TOTAL=24.5h,ذا أنكسبليند ويذ ويليام شاتنر,هانتينغ هتلر
mena-other,Hadhramaut TV.eg,Hadhramaut TV.eg,REVIEW,92,0,53,45.5,45.5,0,53,83.0,17.0,0.0,eg,,EMPTY_DESC=53(100%),برنامج وثائقي,فقرة غنائية
mena-other,HGTV.sa,HGTV.sa,PASS,100,1,76,42.92,42.92,0,0,100.0,0.0,100.0,sa,,,ديزاين داون آندر:بنغلو بيوتيفيكيشن,ديزاين داون آندر:غراني فلات رينو
mena-other,HGTVArabia.us@SD,HGTVArabia,REVIEW,92,0,13,11.33,11.33,0,13,100.0,0.0,0.0,,,EMPTY_DESC=13(100%),جرايز أناتومي (موسم 21، حلقة6),ترانسبلانت (موسم 4، حلقة4)
mena-other,History2MiddleEast.us@SD,H2 HD,PASS,100,1,52,39.0,39.0,0,0,100.0,0.0,100.0,,,,ذا أنكسبليند ويذ ويليام شاتنر,هانتينغ هتلر
mena-other,HistoryMiddleEast.us@SD,History HD,PASS,100,1,59,39.0,39.0,0,0,100.0,0.0,100.0,,,,ذا أنبليفبل وذ دان أيكرويد,ذا لوست يو-بوتس أوف وورلد وور 2
mena-other,i24NEWSArabic.il@SD,I24NEWS عربى,REVIEW,92,0,37,34.0,35.0,0,37,100.0,13.5,0.0,,,EMPTY_DESC=37(100%),هذا المساء,الأخبار
mena-other,iFILM TV.eg,iFILM TV.eg,REVIEW,92,0,11,11.0,11.0,0,11,0.0,100.0,0.0,eg,,EMPTY_DESC=11(100%),Char Khooneh,Kind Soul
mena-other,iFilmArabic.ir@SD,آي فيلم,PASS,100,1,9,9.0,9.0,0,0,100.0,44.4,100.0,,,,Gando S2,مهندس أفندي ج4
mena-other,InvestigationDiscovery.uk@SD,Discovery IDX HD,PASS,100,1,39,39.0,39.0,0,0,100.0,5.1,100.0,,,,ذا كيلر بيسايد مي,شادو أوف داوت
mena-other,Iraqia TV.eg,Iraqia TV.eg,REVIEW,92,0,56,45.5,45.5,0,56,67.9,32.1,0.0,eg,,EMPTY_DESC=56(100%),Daw Aswad,برنامج وقفة مرورية
mena-other,Jeem-HD-1-01.qa,Jeem-HD-1-01.qa,REVIEW,92,0,42,41.97,44.0,0,42,0.0,100.0,0.0,qa,,EMPTY_DESC=42(100%),The Amazing World of Gumball,Ben 10
mena-other,Kapatid TV5 International.sa,Kapatid TV5 International.sa,REVIEW,92,0,6,14.5,14.5,0,6,100.0,0.0,0.0,sa,,EMPTY_DESC=6(100%),بي بي آي,فرونتلاين بيلبيناس
mena-other,KBS.World.ae,KBS World,REVIEW,92,0,64,49.25,49.25,0,64,0.0,100.0,0.0,ae,,EMPTY_DESC=64(100%),Documentary 3 Days,National Heritage Pilgrimage Deo
mena-other,KidZone Max.sa,KidZone Max.sa,REVIEW,84,0,44,44.0,44.0,0,0,0.0,100.0,100.0,sa,,REPEATED_TITLE=100%; LOW_TITLE_DIVERSITY=2%,KidZone Max,KidZone Max
mena-other,LDC.eg,LDC.eg,REVIEW,92,0,34,34.5,34.5,0,34,47.1,67.6,0.0,eg,,EMPTY_DESC=34(100%),برنامج صباحي morning talk,فيديو كليبات
mena-other,LTV.sa,LTV.sa,REVIEW,84,0,44,44.0,44.0,0,0,100.0,0.0,100.0,sa,,REPEATED_TITLE=100%; LOW_TITLE_DIVERSITY=2%,إل تي في,إل تي في
mena-other,Makan33.il@SD,مكان,REVIEW,92,0,50,37.25,37.25,0,17,100.0,4.0,100.0,,,EMPTY_DESC=17(34%),שידורי רדיו מכאן - כותרת צהריים,במטבח של נוף - 3. קובה (ש.ח.)
mena-other,Masah.eg,Masah.eg,REVIEW,92,0,52,45.75,45.75,0,52,92.3,7.7,0.0,eg,,EMPTY_DESC=52(100%),برنامج شي في الخاطر,برنامج
mena-other,Maspero Zaman.eg,Maspero Zaman.eg,REVIEW,92,0,46,35.0,35.0,0,46,34.8,65.2,0.0,eg,,EMPTY_DESC=46(100%),برنامج,La 'iilah 'iilaa allah 3
mena-other,MCMTop.fr@SD,MCM TOP,REVIEW,76,0,39,39.0,39.0,0,38,100.0,0.0,100.0,,,EMPTY_DESC=38(97%); REPEATED_TITLE=80%; LOW_TITLE_DIVERSITY=10%,توب ميكس,توب ميكس
mena-other,Mix Bel Araby.eg,Mix Bel Araby.eg,REVIEW,92,0,44,46.0,46.0,0,44,13.6,86.4,0.0,eg,,EMPTY_DESC=44(100%),What Is Fatmagul's Fault? S2,A Miracle 2
mena-other,Mix ONE.eg,Mix ONE.eg,REVIEW,92,0,42,46.0,46.0,0,42,19.0,81.0,0.0,eg,,EMPTY_DESC=42(100%),Sen Anlat Karadeniz,برنامج مطبخ ميكس
mena-other,Mix.ae,Mix,REVIEW,92,0,23,51.25,51.25,0,23,0.0,100.0,0.0,ae,,EMPTY_DESC=23(100%),Avengers: Infinity War,The Devil's Own
mena-other,Mix.bel.Araby.TV.ae,Mix bel Araby TV,REVIEW,92,0,25,50.0,50.0,0,25,0.0,100.0,0.0,ae,,EMPTY_DESC=25(100%),"Desire, Envy, And Revenge",Mafia
mena-other,MoonbugKids.uk@SD,Moonbug Kids,REVIEW,92,0,70,40.23,40.23,0,0,100.0,0.0,100.0,,,LOW_TITLE_DIVERSITY=19%,كوكوميلون,ليتل أنجل
mena-other,MotorvisionPlus.de@SD,MOTORVISION,PASS,100,1,73,38.83,38.83,0,0,100.0,0.0,100.0,,,,بطولة إمكس كواد في أوروبا 2024,تيونينغ
mena-other,MOVIES1 PREMIERE DIGITAL.qa,MOVIES1 PREMIERE DIGITAL.qa,REVIEW,92,0,21,40.78,43.25,0,21,100.0,0.0,0.0,qa,,EMPTY_DESC=21(100%),قوة الطبيعة: الجفاف,البلوغ
mena-other,MOVIES2 ACTION DIGITAL.qa,MOVIES2 ACTION DIGITAL.qa,REVIEW,92,0,23,42.53,43.0,0,23,100.0,0.0,0.0,qa,,EMPTY_DESC=23(100%),رجال بملابس السوداء: دوليين,ظلال الشك
mena-other,MOVIES3 DRAMA DIGITAL.qa,MOVIES3 DRAMA DIGITAL.qa,REVIEW,92,0,21,39.7,42.73,0,21,90.5,9.5,0.0,qa,,EMPTY_DESC=21(100%),عائلة آدامز,فورست جامب
mena-other,MOVIES4 FAMILY DIGITAL.qa,MOVIES4 FAMILY DIGITAL.qa,REVIEW,92,0,26,41.55,44.55,0,26,100.0,0.0,0.0,qa,,EMPTY_DESC=26(100%),بادينجتون في بيرو,هل إنتهينا بعد؟
mena-other,MTV.eg,MTV.eg,REVIEW,92,0,57,45.42,45.42,0,57,68.4,35.1,0.0,eg,,EMPTY_DESC=57(100%),برنامج,برنامج
mena-other,MTV80s.uk@SD,MTV80s,REVIEW,92,0,15,11.67,11.67,0,15,100.0,0.0,0.0,,,EMPTY_DESC=15(100%),ذي إنكريدبول دكتور بول (موسم 20، حلقة14),ذي إنكريدبول دكتور بول (موسم 20، حلقة16)
mena-other,Myx.sa,Myx.sa,REVIEW,92,0,14,14.0,14.0,0,14,100.0,0.0,0.0,sa,,EMPTY_DESC=14(100%),بيني أكس بيغو,أم واي أكس
mena-other,Nat geo hd.qa,Nat geo hd.qa,REVIEW,84,0,39,36.97,43.0,2,39,100.0,0.0,0.0,qa,,EMPTY_DESC=39(100%); GAPS_GT_2H=2/TOTAL=6.0h,المجتمع الرقمي العربي,الإذاعة العربية
mena-other,Nat. Geo. AD.sa,Nat. Geo. AD.sa,PASS,100,1,57,43.0,43.0,0,0,100.0,0.0,100.0,sa,,,الجزيرة المتمردة,الجزيرة المتمردة
mena-other,Nat. Geo. Wild HD.sa,Nat. Geo. Wild HD.sa,PASS,100,1,60,43.5,43.5,0,0,100.0,0.0,100.0,sa,,,ذي إنكريدابل د. بول:غوت غيت يم,ذي إنكريدابل د. بول:نيس أوف آور لايفز
mena-other,Nat. Geographic.sa,Nat. Geographic.sa,PASS,100,1,57,42.75,42.75,0,0,100.0,0.0,100.0,sa,,,كنوز المايا الضائعة:سيكريتس أوف ذا سنيك آلتار,آلات بحرية عملاقة:جسور عائمة
mena-other,Network Arabic.eg,Network Arabic.eg,REVIEW,92,0,46,46.0,46.0,0,46,0.0,100.0,0.0,eg,,EMPTY_DESC=46(100%),Ekans - Snakes Awake,Teen Titans Go! S1
mena-other,NEWS DIGITAL.qa,NEWS DIGITAL.qa,REVIEW,92,0,74,40.0,42.0,0,74,0.0,100.0,0.0,qa,,EMPTY_DESC=74(100%),The Issue of The Day,Al Hassad
mena-other,NHK.World.Japan.ae,NHK World Japan,REVIEW,92,0,133,48.45,48.45,0,133,0.0,100.0,0.0,ae,,EMPTY_DESC=133(100%),GRAND SUMO Highlights,Sumopedia
mena-other,One Drama.eg,One Drama.eg,REVIEW,92,0,11,11.0,11.0,0,11,0.0,100.0,0.0,eg,,EMPTY_DESC=11(100%),Uzak Sehir,Forbidden Love
mena-other,One TV.sa,One TV.sa,REVIEW,92,0,35,41.5,41.5,0,5,100.0,100.0,100.0,sa,,EMPTY_DESC=5(14%),Dubai Eye : 2026: Ep 177,Desperate Mrs.Seonju: Ep 109
mena-other,Padel TV.sa,Padel TV.sa,REVIEW,76,0,32,32.0,32.0,0,32,0.0,100.0,0.0,sa,,EMPTY_DESC=32(100%); REPEATED_TITLE=100%; LOW_TITLE_DIVERSITY=3%,Padel Time TV,Padel Time TV
mena-other,Panorama.Food.ae,Panorama Food,REVIEW,84,0,41,49.25,49.25,0,41,0.0,100.0,0.0,ae,,EMPTY_DESC=41(100%); LOW_TITLE_DIVERSITY=20%,The Restaurant,TV Program
mena-other,Press.TV.HD.ae,Press TV HD,REVIEW,92,0,107,48.5,48.5,0,107,0.0,100.0,0.0,ae,,EMPTY_DESC=107(100%); DUPLICATE_TIMELINE_GROUP=2; DUPLICATE_TIMELINE_UNRELATED,News generation,Culture Crunch
mena-other,RFMTV.fr@SD,RFM TV,REVIEW,84,0,39,39.0,39.0,0,0,100.0,0.0,100.0,,,REPEATED_TITLE=72%; LOW_TITLE_DIVERSITY=8%,ار اف ام هيتس,ار اف ام هيتس
mena-other,Riyadh Season.sa,Riyadh Season.sa,REVIEW,84,0,44,44.0,44.0,0,0,100.0,0.0,100.0,sa,,REPEATED_TITLE=100%; LOW_TITLE_DIVERSITY=2%,موسم الرياض,موسم الرياض
mena-other,Roya.sa,Roya.sa,REVIEW,84,0,44,44.0,44.0,0,0,100.0,0.0,100.0,sa,,REPEATED_TITLE=100%; LOW_TITLE_DIVERSITY=2%,رؤيا,رؤيا
mena-other,RT Documentary.sa,RT Documentary.sa,REVIEW,92,0,170,42.52,42.52,0,0,100.0,0.0,100.0,sa,,LOW_TITLE_DIVERSITY=8%,اكتشاف روسيا,وقوع الكوارث
mena-other,RT News.sa,RT News.sa,REVIEW,92,0,86,43.0,43.0,0,0,100.0,0.0,100.0,sa,,LOW_TITLE_DIVERSITY=8%,برنامج وثائقي,هيدلاين نيوز
mena-other,RT.ru@SD,RT English,REVIEW,92,0,77,38.5,38.5,0,0,100.0,9.1,100.0,,,LOW_TITLE_DIVERSITY=9%,وثائقي,أهم الأخبار
mena-other,RTArabic.ru@SD,RT Arabic,REVIEW,76,0,138,38.52,38.52,0,0,100.0,92.0,100.0,,,SHORT_LT_2M=12; REPEATED_TITLE=92%; LOW_TITLE_DIVERSITY=1%,RT Arabic,RT Arabic
mena-other,Samira.HD.ae,Samira HD,REVIEW,84,0,33,50.0,50.0,0,33,0.0,100.0,0.0,ae,,LONG_GT_6H=2; EMPTY_DESC=33(100%),Morning Talks,Special Dishes With Baya
mena-other,SERIES1 DIGITAL.qa,SERIES1 DIGITAL.qa,REVIEW,92,0,48,40.6,42.5,0,48,93.8,93.8,0.0,qa,,EMPTY_DESC=48(100%),E35 | S3 بلاك كلوفر,E7 | S3 إن سي آي إس: سيدني
mena-other,SERIES2 DIGITAL.qa,SERIES2 DIGITAL.qa,REVIEW,92,0,43,41.0,43.0,0,43,95.3,65.1,0.0,qa,,EMPTY_DESC=43(100%),درب الذهب,مزاد الشر
mena-other,SmartZone.sa,SmartZone.sa,REVIEW,84,0,44,44.0,44.0,0,0,0.0,100.0,100.0,sa,,REPEATED_TITLE=100%; LOW_TITLE_DIVERSITY=2%,SmartZone,SmartZone
mena-other,Space Toon.sa,Space Toon.sa,PASS,100,1,92,42.75,42.75,0,0,100.0,0.0,100.0,sa,,,جنى,بينوكيو والأصدقاء
mena-other,Sport 24.sa,Sport 24.sa,PASS,100,1,44,44.0,44.0,0,0,100.0,0.0,100.0,sa,,,حوار خاص رياضي:الحلقة 12,تجار المملكة
mena-other,Sports.First.ae,Sports First,REVIEW,92,0,216,46.48,48.2,0,216,0.0,100.0,0.0,ae,,EMPTY_DESC=216(100%),Roar Combat League S1 Ep 3 pt 2,Roar Combat League S1 Ep 3 pt 3
mena-other,Star Action.sa,Star Action.sa,PASS,100,1,26,44.5,44.5,0,0,100.0,3.8,100.0,sa,,,ديدكتف نايت: روغ,المحقق نايت: الاستقلال
mena-other,Star Movies HD.sa,Star Movies HD.sa,PASS,100,1,25,44.75,44.75,0,0,100.0,0.0,100.0,sa,,,ذي آنّنون كانتري,ذا إنفورسر
mena-other,Star World HD.sa,Star World HD.sa,PASS,100,1,50,43.92,43.92,0,0,100.0,0.0,100.0,sa,,,غريز أناتومي:نايت موفز,ترانسبلانت:ديسيجينس
mena-other,stc tv cinema.sa,stc tv cinema.sa,PASS,100,1,25,42.83,42.83,0,0,100.0,0.0,100.0,sa,,,نادي الرجال السري,قابل للكسر
mena-other,stc tv drama.sa,stc tv drama.sa,PASS,100,1,58,43.5,43.5,0,0,100.0,0.0,100.0,sa,,,صدفة:الحلقة 20,مملكة الحرير:الملك الصغير
mena-other,stc tv family.sa,stc tv family.sa,PASS,100,1,72,43.5,43.5,0,0,100.0,0.0,100.0,sa,,,ماستر سباي,عساف:بير ساج
mena-other,stc tv sports 1 HD.sa,stc tv sports 1 HD.sa,PASS,100,1,26,43.58,43.58,0,0,73.1,26.9,100.0,sa,,,بولونيا × ساسولو 2026/27,يوفنتوس × ميلان 2026/27
mena-other,stc tv sports HD.sa,stc tv sports HD.sa,PASS,100,1,28,44.67,44.67,0,0,75.0,25.0,100.0,sa,,,نابولي × بولونيا 2026/27,ساسولو × يوفنتوس 2026/27
mena-other,STV1 HD.sa,STV1 HD.sa,REVIEW,92,0,73,47.5,47.5,0,73,100.0,0.0,0.0,sa,,EMPTY_DESC=73(100%),آنذاك,موجز الأخبار
mena-other,TCM.sa,TCM.sa,PASS,100,1,24,44.83,44.83,0,0,100.0,0.0,100.0,sa,,,فيري باد ثينغز,باتمان بيغينز
mena-other,TeN TV.eg,TeN TV.eg,REVIEW,92,0,42,45.33,45.33,0,42,69.0,31.0,0.0,eg,,EMPTY_DESC=42(100%),Inhiraf,برنامج صحتين
mena-other,TFC HD.sa,TFC HD.sa,REVIEW,92,0,15,14.0,14.0,0,15,93.3,6.7,0.0,sa,,EMPTY_DESC=15(100%),تي في باترول إكسبريس,2 غود تو بي ترو
mena-other,Thikrayat Tv.eg,Thikrayat Tv.eg,REVIEW,92,0,54,45.5,45.5,0,54,33.3,66.7,0.0,eg,,EMPTY_DESC=54(100%),Khutwat Ala Al Jibal,برنامج الإجازة والصيف
mena-other,TLCArabia.us@SD,TLC HD,PASS,100,1,50,38.63,38.63,0,0,100.0,0.0,100.0,,,,ذا فاميلي شانتال,موست إكستريم هيومانس
mena-other,Travel.sa,Travel.sa,PASS,100,1,44,44.0,44.0,0,0,100.0,0.0,100.0,sa,,,ميستريز آت ذا كاسل:كونت أوف مونتي كريستو,خوارق رفعت عنها السرية:كاتل ماتيليشن ميستري
mena-other,TRT.Arabiya.ae,TRT Arabiya,REVIEW,84,0,73,38.5,38.5,0,73,0.0,100.0,0.0,ae,,EMPTY_DESC=73(100%); LOW_TITLE_DIVERSITY=16%,Stadium,We Have A Stop
mena-other,TRT.World.ae,TRT World,REVIEW,84,0,92,49.0,49.0,0,92,0.0,100.0,0.0,ae,,EMPTY_DESC=92(100%); LOW_TITLE_DIVERSITY=17%; DUPLICATE_TIMELINE_GROUP=2; DUPLICATE_TIMELINE_UNRELATED,Storyteller,Newshour
mena-other,TV5.Monde.ae,TV5 Monde,REVIEW,84,0,70,46.35,48.57,1,70,5.7,100.0,0.0,ae,,EMPTY_DESC=70(100%); GAPS_GT_2H=1/TOTAL=2.2h,TOUT LE MONDE VEUT PRENDRE SA PLACE,LE JOURNAL DE LA RTBF
mena-other,Utv.eg,Utv.eg,REVIEW,92,0,12,11.0,11.0,0,12,66.7,33.3,0.0,eg,,EMPTY_DESC=12(100%),برنامج هاتريك,The Web
mena-other,World.Fishing.Network.ae,World Fishing Network,REVIEW,92,0,97,47.5,48.48,0,97,0.0,100.0,0.0,ae,,EMPTY_DESC=97(100%),Last Minute Smallmouth,Lake Murray Largemouth Beatdown
mena-other,Wousta from Al Dhaid.sa,Wousta from Al Dhaid.sa,REVIEW,84,0,44,44.0,44.0,0,0,100.0,0.0,100.0,sa,,REPEATED_TITLE=100%; LOW_TITLE_DIVERSITY=2%,الوسطى من الذيد,الوسطى من الذيد
mena-other,WTV.eg,WTV.eg,REVIEW,92,0,60,44.5,45.5,0,60,78.3,21.7,0.0,eg,,EMPTY_DESC=60(100%),فيلم,المعنقر
mena-other,Zee Aflam.sa,Zee Aflam.sa,PASS,100,1,26,48.0,48.0,0,0,100.0,0.0,100.0,sa,,,غودباي,علي
mena-other,Zee Alwan.sa,Zee Alwan.sa,PASS,100,1,44,44.0,44.0,0,0,100.0,0.0,100.0,sa,,,الصهر:الحلقة 46,حياة قلبي:الحلقة 68
mena-other,Zekrayat.sa,Zekrayat.sa,PASS,100,1,52,43.5,43.5,0,0,100.0,0.0,100.0,sa,,,السراج,ليالي السمر
mena-other,أبو ظبي.eg,أبو ظبي.eg,REVIEW,92,0,14,12.0,12.0,0,6,85.7,21.4,100.0,eg,,EMPTY_DESC=6(43%),أولاد الراعي,نشرة الاخبار
mena-other,أو إس إن شو كايس.eg,أو إس إن شو كايس.eg,PASS,100,1,62,41.5,41.5,0,0,0.0,100.0,100.0,eg,,,The Shop,Unscripted
mena-other,أو إس إن فاميلي موفيز.eg,أو إس إن فاميلي موفيز.eg,PASS,100,1,7,10.92,10.92,0,0,0.0,100.0,100.0,eg,,,The Lego Movie,The Lego Movie 2: The Second Part
mena-other,أو إس إن كرايم.eg,أو إس إن كرايم.eg,REVIEW,92,0,49,42.25,42.25,0,0,0.0,100.0,100.0,eg,,LOW_TITLE_DIVERSITY=16%,Law & Order S25,Major Crimes S2
mena-other,أو إس إن كوميدي.eg,أو إس إن كوميدي.eg,REVIEW,92,0,78,34.75,34.75,0,0,0.0,100.0,100.0,eg,,LOW_TITLE_DIVERSITY=10%,Veep S3,2 Broke Girls S6
mena-other,أو إس إن كيدز.eg,أو إس إن كيدز.eg,PASS,100,1,48,11.25,11.25,0,0,4.2,95.8,100.0,eg,,,Charlie and Lola S2,Matchbox Adventures
mena-other,أو إس إن موفيز أكشن.eg,أو إس إن موفيز أكشن.eg,PASS,100,1,6,12.25,12.25,0,0,0.0,100.0,100.0,eg,,,Superman,Dunkirk
mena-other,أو إس إن موفيز بريميير.eg,أو إس إن موفيز بريميير.eg,PASS,100,1,6,11.25,11.25,0,0,0.0,100.0,100.0,eg,,,In the Heights,The Mystery of Her
mena-other,أو إس إن موفيز كوميدي.eg,أو إس إن موفيز كوميدي.eg,PASS,100,1,24,43.17,43.17,0,0,0.0,100.0,100.0,eg,,,Last Love,Runaway Bride
mena-other,أو إس إن موفيز هوليوود.eg,أو إس إن موفيز هوليوود.eg,PASS,100,1,6,10.5,10.5,0,0,0.0,100.0,100.0,eg,,,Duchess,Million Dollar Baby
mena-other,أو إس إن وان.eg,أو إس إن وان.eg,REVIEW,92,0,51,35.67,35.67,0,6,11.8,100.0,100.0,eg,,EMPTY_DESC=6(12%),Suits LA,Suits LA
mena-other,أو إس إن ياهلا أفلام.eg,أو إس إن ياهلا أفلام.eg,PASS,100,1,26,43.0,43.0,0,0,92.3,7.7,100.0,eg,,,أنا لحبيبي,شماريخ
mena-other,أو إس إن ياهلا بالعربي.eg,أو إس إن ياهلا بالعربي.eg,REVIEW,92,0,49,42.25,42.25,0,0,0.0,100.0,100.0,eg,,LOW_TITLE_DIVERSITY=16%,Kizil Goncalar S2,Cranberry Sorbet
mena-other,أو إس إن ياهلا.eg,أو إس إن ياهلا.eg,REVIEW,92,0,57,42.42,42.42,0,0,100.0,0.0,100.0,eg,,LOW_TITLE_DIVERSITY=16%,مجاريح,وحوش ج2
mena-other,أو إٍس إن ناو.eg,أو إٍس إن ناو.eg,REVIEW,92,0,45,34.83,34.83,0,5,11.1,100.0,100.0,eg,,EMPTY_DESC=5(11%),"My Mum, Your Dad",Red Bull Driftbrothers
mena-other,إس بي سي.eg,إس بي سي.eg,REVIEW,92,0,12,12.0,12.0,0,3,100.0,0.0,100.0,eg,,EMPTY_DESC=3(25%),أنا وهي وهيا,قيد عائلي
mena-other,إم بي سي 2.eg,إم بي سي 2.eg,REVIEW,92,0,31,42.0,42.0,0,3,19.4,90.3,100.0,eg,,EMPTY_DESC=3(10%),The Man from U.N.C.L.E,Films & Stars
mena-other,إم بي سي 3.eg,إم بي سي 3.eg,REVIEW,92,0,83,41.5,41.5,0,3,12.0,88.0,100.0,eg,,EMPTY_DESC=3(4%),Bubble Guppies,PAW Patrol
mena-other,إم بي سي 4.eg,إم بي سي 4.eg,REVIEW,92,0,51,42.42,42.42,0,4,41.2,60.8,100.0,eg,,EMPTY_DESC=4(8%),Leyla,وسط البلد
mena-other,إم بي سي 5.eg,إم بي سي 5.eg,REVIEW,92,0,50,42.42,42.42,0,9,70.0,30.0,100.0,eg,,EMPTY_DESC=9(18%),تحت سابع أرض,الهيبة: راس الجبل
mena-other,إم بي سي أكشن.eg,إم بي سي أكشن.eg,REVIEW,92,0,43,42.5,42.5,0,25,76.7,76.7,100.0,eg,,EMPTY_DESC=25(58%),أكشن مع وليد,Ridiculousness
mena-other,إم بي سي العراق.eg,إم بي سي العراق.eg,REVIEW,92,0,48,42.0,42.0,0,3,77.1,22.9,100.0,eg,,EMPTY_DESC=3(6%),The Family S2,عودة خالتي
mena-other,إم بي سي بوليوود.eg,إم بي سي بوليوود.eg,PASS,100,1,30,42.25,42.25,0,0,13.3,86.7,100.0,eg,,,على صدى الخلخال,Yeh Rishta Kya Kehlata Hai
mena-other,إم بي سي دراما.eg,إم بي سي دراما.eg,PASS,100,1,42,42.0,42.0,0,0,73.8,26.2,100.0,eg,,,مسار إجباري,Three Kingdoms
mena-other,إم بي سي ماكس.eg,إم بي سي ماكس.eg,REVIEW,92,0,32,44.17,44.17,0,5,18.8,96.9,100.0,eg,,EMPTY_DESC=5(16%),Crazy Stupid Love,Hollywood Buzz
mena-other,إم بي سي مصر 2.eg,إم بي سي مصر 2.eg,REVIEW,92,0,38,41.5,41.5,0,4,84.2,15.8,100.0,eg,,EMPTY_DESC=4(11%),صلة رحم,سك على إخواتك
mena-other,إم بي سي مصر دراما.eg,إم بي سي مصر دراما.eg,REVIEW,92,0,51,42.0,42.0,0,0,82.4,17.6,100.0,eg,,LOW_TITLE_DIVERSITY=12%,بين السطور,أفراح إبليس ج2
mena-other,إم بي سي مصر.eg,إم بي سي مصر.eg,PASS,100,1,36,42.75,42.75,0,0,75.0,25.0,100.0,eg,,,المداح ج4: أسطورة العودة,الست موناليزا
mena-other,إم بي سي.eg,إم بي سي.eg,REVIEW,92,0,51,43.0,43.0,0,6,84.3,19.6,100.0,eg,,EMPTY_DESC=6(12%),صباح الخير يا عرب,من كثر حبي لك
mena-other,إم تي في.eg,إم تي في.eg,REVIEW,92,0,50,42.0,42.0,0,30,90.0,12.0,100.0,eg,,EMPTY_DESC=30(60%),برنامج,برنامج
mena-other,ال تي في.eg,ال تي في.eg,REVIEW,92,0,11,11.0,11.0,0,3,100.0,18.2,100.0,eg,,EMPTY_DESC=3(27%),نبض,كسر عضم ج2: السراديب
mena-other,ال دي سي.eg,ال دي سي.eg,REVIEW,92,0,34,34.5,34.5,0,15,100.0,14.7,100.0,eg,,EMPTY_DESC=15(44%),برنامج صباحي morning talk,فيديو كليبات
mena-other,الأولى المغربية.eg,الأولى المغربية.eg,REVIEW,92,0,61,41.83,41.83,0,30,77.0,0.0,100.0,eg,,EMPTY_DESC=30(49%),البيوت أسرار,برنامج اسرتي
mena-other,التلفزيون العربي 2.eg,التلفزيون العربي 2.eg,REVIEW,92,0,50,41.5,41.5,0,42,100.0,6.0,100.0,eg,,EMPTY_DESC=42(84%),برنامج العربي تك,برنامج ضفاف
mena-other,الحدث.ae,الحدث.ae,REVIEW,76,0,36,26.0,26.0,0,3,91.7,0.0,100.0,ae,,EMPTY_DESC=3(8%); REPEATED_TITLE=83%; LOW_TITLE_DIVERSITY=11%,ستوديو الحدث,أخبار الحدث
mena-other,المحور.eg,المحور.eg,REVIEW,92,0,9,12.0,12.0,0,5,100.0,0.0,100.0,eg,,EMPTY_DESC=5(56%); DUPLICATE_TIMELINE_GROUP=2,فيلم,برنامج مطبخك عندنا
mena-other,الوسط.eg,الوسط.eg,REVIEW,92,0,52,41.25,42.25,0,40,90.4,9.6,100.0,eg,,EMPTY_DESC=40(77%),فيلم,المعنقر
mena-other,ان ايتش كي الدولي.ps,ان ايتش كي الدولي.ps,REVIEW,92,0,107,38.48,38.48,0,107,0.0,100.0,0.0,ps,,EMPTY_DESC=107(100%),GRAND SUMO Highlights,Sumopedia
mena-other,اﻹمارات.eg,اﻹمارات.eg,REVIEW,92,0,50,36.5,36.5,0,17,100.0,0.0,100.0,eg,,EMPTY_DESC=17(34%),قفص مخملي,كنا أمس
mena-other,بي إن سيريس إتش دي 2.eg,بي إن سيريس إتش دي 2.eg,PASS,100,1,13,11.42,11.42,0,0,0.0,100.0,100.0,eg,,,Dexter S6,From
mena-other,بي إن سيريس.eg,بي إن سيريس.eg,PASS,100,1,11,11.0,11.0,0,0,0.0,81.8,100.0,eg,,,1883,Yellowjackets S2
mena-other,بي إن موفيز أكشن.eg,بي إن موفيز أكشن.eg,PASS,100,1,23,43.75,43.75,0,0,0.0,100.0,100.0,eg,,,Reawakening,Star Trek
mena-other,بي إن موفيز بريمير.eg,بي إن موفيز بريمير.eg,PASS,100,1,23,43.27,43.27,0,0,0.0,100.0,100.0,eg,,,Adulthood,Dear Santa
mena-other,بي إن موفيز دراما.eg,بي إن موفيز دراما.eg,PASS,100,1,23,42.77,42.77,0,0,0.0,100.0,100.0,eg,,,Forrest Gump,A Beautiful Mind
mena-other,بي إن موفيز فاميلي.eg,بي إن موفيز فاميلي.eg,PASS,100,1,26,44.0,44.0,0,0,0.0,100.0,100.0,eg,,,Goosebumps,The Smurfs
mena-other,بي بي سي وورلد نيوز.ps,بي بي سي وورلد نيوز.ps,REVIEW,84,0,98,38.48,38.48,0,98,0.0,100.0,0.0,ps,,EMPTY_DESC=98(100%); LOW_TITLE_DIVERSITY=18%,BBC News,Tech Now
mena-other,تن.eg,تن.eg,REVIEW,92,0,40,41.83,41.83,0,26,100.0,0.0,100.0,eg,,EMPTY_DESC=26(65%),انحراف,برنامج صحتين
mena-other,دبي زمان.eg,دبي زمان.eg,REVIEW,92,0,47,42.0,42.0,0,32,100.0,0.0,100.0,eg,,EMPTY_DESC=32(68%); DUPLICATE_TIMELINE_GROUP=2,الخليج كلمة ونغم,برنامج لون حياتك
mena-other,دبي.eg,دبي.eg,REVIEW,92,0,41,34.5,34.5,0,19,75.6,26.8,100.0,eg,,EMPTY_DESC=19(46%),السيرك,برنامج من سيربح المليون
mena-other,دي إم سي.eg,دي إم سي.eg,REVIEW,84,0,20,35.33,35.33,0,9,100.0,0.0,100.0,eg,,LONG_GT_6H=1; EMPTY_DESC=9(45%),حفل غنائي,فيلم عربي
mena-other,رؤيا.eg,رؤيا.eg,REVIEW,92,0,34,41.5,41.5,0,10,100.0,0.0,100.0,eg,,EMPTY_DESC=10(29%),كرڤان,نقطة انتهى
mena-other,روتانا سينما.eg,روتانا سينما.eg,PASS,100,1,21,38.0,38.0,0,0,100.0,0.0,100.0,eg,,,مهمة صعبة جدا,هيبتا: المحاضرة الأخيرة
mena-other,ستار ورلد.eg,ستار ورلد.eg,PASS,100,1,13,11.33,11.33,0,0,0.0,100.0,100.0,eg,,,Grey's Anatomy S21,Transplant S4
mena-other,سما دبي.eg,سما دبي.eg,REVIEW,92,0,52,42.0,42.0,0,24,100.0,0.0,100.0,eg,,EMPTY_DESC=24(46%),سوق المقاصيص,منتصف النهار
mena-other,عمان.eg,عمان.eg,REVIEW,92,0,79,41.92,41.92,0,41,84.8,15.2,100.0,eg,,EMPTY_DESC=41(52%),برنامج متون,أخبار الثانية
mena-other,قناة العاصوف.ae,قناة العاصوف.ae,REVIEW,92,0,4,2.88,2.88,0,0,100.0,0.0,100.0,ae,,SPARSE_COVERAGE=2.9h,العاصوف الموسم 3 الحلقة 19,العاصوف الموسم 3 الحلقة 20
mena-other,قناة الكبير أوي.ae,قناة الكبير أوي.ae,REVIEW,92,0,6,2.78,2.78,0,0,100.0,0.0,100.0,ae,,SPARSE_COVERAGE=2.8h,الكبير الموسم 1 الحلقة 6,الكبير الموسم 1 الحلقة 7
mena-other,قناة اللعبة.ae,قناة اللعبة.ae,PASS,100,1,42,25.65,25.65,0,0,100.0,0.0,100.0,ae,,,اللعبة: دوري الأبطال موسم 4 حلقة 7,اللعبة: دوري الأبطال موسم 4 حلقة 8
mena-other,قناة طاش.ae,قناة طاش.ae,REVIEW,92,0,5,2.78,2.78,0,0,100.0,0.0,100.0,ae,,SPARSE_COVERAGE=2.8h,طاش ما طاش موسم 17 حلقة 25,طاش ما طاش موسم 17 حلقة 26
mena-other,قناة مسرح مصر.ae,قناة مسرح مصر.ae,REVIEW,92,0,2,2.55,2.55,0,0,100.0,0.0,100.0,ae,,SPARSE_COVERAGE=2.5h,مسرح مصر الموسم 5 الحلقة 9,مسرح مصر الموسم 5 الحلقة 7
mena-other,ميكس وان.eg,ميكس وان.eg,REVIEW,92,0,38,42.0,42.0,0,7,47.4,52.6,100.0,eg,,EMPTY_DESC=7(18%),البحر الأسود,برنامج مطبخ ميكس
mena-other,ناصر القصبي.ae,ناصر القصبي.ae,PASS,100,1,33,25.18,25.18,0,0,100.0,0.0,100.0,ae,,,ابو الملايين موسم 1 حلقة 9,ابو الملايين موسم 1 حلقة 10
mena-other,نتورك بالعربية.eg,نتورك بالعربية.eg,PASS,100,1,42,42.0,42.0,0,0,0.0,100.0,100.0,eg,,,Ekans - Snakes Awake,Teen Titans Go! S1
mena-other,وان دراما.eg,وان دراما.eg,PASS,100,1,11,11.0,11.0,0,0,0.0,100.0,100.0,eg,,,Uzak Sehir,Forbidden Love
