xmltv_id,channel_name,source,site_id,candidate_count,winner_source,status
"2MMonde.ma@SD","المغربية الثانية","elcinema.com","1353","1","elcinema.com","WINNER"
"AbdulmajeedAbdullah.sa@SD","عبدالمجيد عبدالله","shahid.mbc.net","986014","1","shahid.mbc.net","WINNER"
"AbuDhabiSports1.ae@SD","AD Sports 1 HD","osn.com","9069","1","osn.com","WINNER"
"AbuDhabiTV.ae@SD","أبو ظبي","elcinema.com","1136","2","osn.com","LOSER"
"AbuDhabiTV.ae@SD","Abu Dhabi TV HD","osn.com","9939","2","osn.com","WINNER"
"Aflam.sa@SD","أفلام","shahid.mbc.net","989622","1","shahid.mbc.net","WINNER"
"AlAoula.ma@MiddleEast","الأولى المغربية","elcinema.com","1312","1","elcinema.com","WINNER"
"Alarabiya.ae@SD","العربية","shahid.mbc.net","387286","1","shahid.mbc.net","WINNER"
"AlArabiyaBusiness.ae@SD","العربية Business","shahid.mbc.net","1003218","1","shahid.mbc.net","WINNER"
"AlArabiyaEnglish.sa@SD","AL Arabiya English","shahid.mbc.net","49923569816895","1","shahid.mbc.net","WINNER"
"AlarabiyaPortrait.ae@SD","Al Arabiya","osn.com","9970","1","osn.com","WINNER"
"AlArabiyaPrograms.ae","العربية برامج","shahid.mbc.net","49923733029294","1","shahid.mbc.net","WINNER"
"AlArabyTV.qa@SD","Al Araby TV","osn.com","3800","1","osn.com","WINNER"
"AlArabyTV2.qa@SD","التلفزيون العربي 2","elcinema.com","1382","2","osn.com","LOSER"
"AlArabyTV2.qa@SD","Al Araby 2","osn.com","9844","2","osn.com","WINNER"
"AlDafrahTV.ae@SD","الظفرة","elcinema.com","1264","1","elcinema.com","WINNER"
"AlEkhbariya.sa@SD","الإخبارية","shahid.mbc.net","946948","1","shahid.mbc.net","WINNER"
"AlHadath.sa@SD","Al Hadath","osn.com","9910","2","osn.com","WINNER"
"AlHadath.sa@SD","الحدث","shahid.mbc.net","387288","2","osn.com","LOSER"
"AlhayatTV.eg@SD","الحياة","elcinema.com","1137","1","elcinema.com","WINNER"
"AlIraqia.iq@SD","العراقية","elcinema.com","1349","1","elcinema.com","WINNER"
"AlJadeed.lb@SD","الجديد","elcinema.com","1216","1","elcinema.com","WINNER"
"AlJazeera.qa@Arabic","Al Jazeera Arabic","aljazeera.com","aja#","1","aljazeera.com","WINNER"
"AlJazeera2.qa@HD","Al Jazeera 2","aljazeera.com","aja#aj2","1","aljazeera.com","WINNER"
"AlJazeeraDocumentary.qa@SD","26","bein.com","entertainment#26","1","bein.com","WINNER"
"AlKaheraWalNas.eg@SD","القاهرة والناس","elcinema.com","1174","1","elcinema.com","WINNER"
"AlKaheraWalNas2.eg@SD","القاهرة والناس 2","elcinema.com","1252","1","elcinema.com","WINNER"
"AlkassEight.qa@SD","40","bein.com","sports#40","1","bein.com","WINNER"
"AlkassFive.qa@SD","37","bein.com","sports#37","1","bein.com","WINNER"
"AlkassFour.qa@SD","36","bein.com","sports#36","1","bein.com","WINNER"
"AlkassOne.qa@SD","33","bein.com","sports#33","1","bein.com","WINNER"
"AlkassSeven.qa@SD","39","bein.com","sports#39","1","bein.com","WINNER"
"AlkassSix.qa@SD","38","bein.com","sports#38","1","bein.com","WINNER"
"AlkassThree.qa@SD","35","bein.com","sports#35","1","bein.com","WINNER"
"AlkassTwo.qa@SD","34","bein.com","sports#34","1","bein.com","WINNER"
"AlkhuzamaRadio.sa@SD","إذاعة خزامى","shahid.mbc.net","1029746","1","shahid.mbc.net","WINNER"
"AlManar.lb@SD","المنار","elcinema.com","1321","1","elcinema.com","WINNER"
"AlMasriyah.eg@SD","المصرية","elcinema.com","1119","1","elcinema.com","WINNER"
"AlNahar.eg@SD","النهار","elcinema.com","1193","1","elcinema.com","WINNER"
"AlNaharDrama.eg@SD","النهار دراما","elcinema.com","1223","1","elcinema.com","WINNER"
"AlQuranAlKareemTV.sa@SD","Al Quran Al Kareem TV HD","osn.com","9963","2","osn.com","WINNER"
"AlQuranAlKareemTV.sa@SD","القرآن الكريم","shahid.mbc.net","946946","2","osn.com","LOSER"
"AlraiTV.kw@SD","Al Rai TV","osn.com","9043","1","osn.com","WINNER"
"AlRasheedTV.iq@SD","الرشيد","elcinema.com","1306","1","elcinema.com","WINNER"
"AlResalah.sa@SD","الرساله","rotana.net","446","1","rotana.net","WINNER"
"AlSaeedah.eg@SD","السعيدة","elcinema.com","1339","1","elcinema.com","WINNER"
"AlSaudiya.sa@SD","السعودية","elcinema.com","1352","2","shahid.mbc.net","LOSER"
"AlSaudiya.sa@SD","السعودية","shahid.mbc.net","946938","2","shahid.mbc.net","WINNER"
"AlSaudiyaAlaan.sa@SD","السعودية الآن","shahid.mbc.net","999927","1","shahid.mbc.net","WINNER"
"AlSharqiyaMinKabla.ae@SD","الشرقية","elcinema.com","1269","1","elcinema.com","WINNER"
"AlSouriyaTV.sy@HD","السورية","shahid.mbc.net","49923775805582","1","shahid.mbc.net","WINNER"
"Alsumaria.iq@SD","السومرية","elcinema.com","1301","1","elcinema.com","WINNER"
"AlSunnahAlNabawiyahTV.sa@SD","السنة النبوية","shahid.mbc.net","946942","1","shahid.mbc.net","WINNER"
"Althania.sy@SD","الثانية","elcinema.com","1398","1","elcinema.com","WINNER"
"AmmanTV.jo@SD","عَمان","elcinema.com","1298","1","elcinema.com","WINNER"
"AnimalPlanetEurope.uk@SD","Animal Planet HD","osn.com","4505","1","osn.com","WINNER"
"ARTAflam1.sa@SD","افلام 1","artonline.tv","#","1","artonline.tv","WINNER"
"ARTAflam2.sa@SD","افلام 2","artonline.tv","#Aflam2","1","artonline.tv","WINNER"
"ARTCinema.sa@SD","سينما","artonline.tv","#Cinema","1","artonline.tv","WINNER"
"ARTHekayat.sa@SD","حكايات","artonline.tv","#Hekayat","1","artonline.tv","WINNER"
"ARTHekayat2.sa@SD","حكايات 2","artonline.tv","#Hekayat2","1","artonline.tv","WINNER"
"AsharqDiscovery.sa@SD","الشرق ديسكفري","shahid.mbc.net","1001845","1","shahid.mbc.net","WINNER"
"AsharqDocumentary.sa@SD","Asharq Documentary","shahid.mbc.net","997605","1","shahid.mbc.net","WINNER"
"AsharqNews.sa@SD","الشرق","shahid.mbc.net","862837","1","shahid.mbc.net","WINNER"
"ATV.kw@SD","إيه تي في","elcinema.com","1380","1","elcinema.com","WINNER"
"BabAlHara.sa@SD","قناة باب الحارة","shahid.mbc.net","975435","1","shahid.mbc.net","WINNER"
"BahrainTV.bh@SD","البحرين","elcinema.com","1368","2","osn.com","LOSER"
"BahrainTV.bh@SD","Bahrain TV","osn.com","9013","2","osn.com","WINNER"
"Baraem.qa@SD","BaraemTV","bein.com","entertainment#25","1","bein.com","WINNER"
"BBCArabic.uk@SD","BBC World","osn.com","9099","1","osn.com","WINNER"
"beIN4K.qa@SD","beIN 4K","beinsports.com","67DD49E9-E3A2-4B3A-94B8-88C620A4DFB1","1","beinsports.com","WINNER"
"beINDrama1.qa@SD","بي إن دراما","elcinema.com","1309","1","elcinema.com","WINNER"
"beINGourmet.qa@SD","beINGOURMET","bein.com","entertainment#12","1","bein.com","WINNER"
"beINMovies1Premiere.qa@SD","beINMOVIES1","bein.com","entertainment#1","2","elcinema.com","LOSER"
"beINMovies1Premiere.qa@SD","بي إن موفيز بريمير","elcinema.com","1322","2","elcinema.com","WINNER"
"beINMovies2Action.qa@SD","beINMOVIES2","bein.com","entertainment#2","2","elcinema.com","LOSER"
"beINMovies2Action.qa@SD","بي إن موفيز أكشن","elcinema.com","1323","2","elcinema.com","WINNER"
"beINMovies3Drama.qa@SD","beINMOVIES3","bein.com","entertainment#3","2","elcinema.com","LOSER"
"beINMovies3Drama.qa@SD","بي إن موفيز دراما","elcinema.com","1324","2","elcinema.com","WINNER"
"beINMovies4Family.qa@SD","beINMOVIES4","bein.com","entertainment#4","1","bein.com","WINNER"
"beINSeries1.qa@SD","beINSERIES1","bein.com","entertainment#9","2","elcinema.com","LOSER"
"beINSeries1.qa@SD","بي إن سيريس","elcinema.com","1327","2","elcinema.com","WINNER"
"beINSeries2.qa@SD","بي إن سيريس إتش...","elcinema.com","1328","1","elcinema.com","WINNER"
"beINSports2.qa@MENA","beINSPORTS2","bein.com","sports#2","1","bein.com","WINNER"
"beINSports3.qa@MENA","beINSPORTS3","bein.com","sports#3","2","bein.com","WINNER"
"beINSports3.qa@MENA","beIN SPORTS 3","beinsports.com","8AEA2426-D451-4BA5-BF48-114A1F04B1A8","2","bein.com","LOSER"
"beINSports4.qa@MENA","beINSPORT4","bein.com","sports#4","1","bein.com","WINNER"
"beINSports4KHDR.qa","beINSPORTS4KHDR","bein.com","sports#26","1","bein.com","WINNER"
"beINSports5.qa@MENA","beINSPORTS5","bein.com","sports#5","1","bein.com","WINNER"
"beINSports6.qa@MENA","beINSPORTS6","bein.com","sports#6","1","bein.com","WINNER"
"beINSports7.qa@MENA","beINSPORTS7","bein.com","sports#7","1","bein.com","WINNER"
"beINSports8.qa@MENA","beINSPORTS8","bein.com","sports#8","1","bein.com","WINNER"
"beINSports9.qa@MENA","beINSPORTS9","bein.com","sports#9","1","bein.com","WINNER"
"beINSportsAFC.qa@SD","beIN SPORTS AFC","beinsports.com","10A2A142-F98C-4706-9FD0-2D3C36045D63","1","beinsports.com","WINNER"
"beINSportsAFC1.qa@SD","beIN SPORTS 1 AFC","beinsports.com","0CB3E227-4376-4545-AB64-D6C390F644D8","1","beinsports.com","WINNER"
"beINSportsAFC2.qa@SD","beIN SPORTS 2 AFC","beinsports.com","EEB3E4E8-0F9D-4735-943C-AEA3E39C87DE","1","beinsports.com","WINNER"
"beINSportsAFC3.qa@SD","beIN SPORTS 3 AFC","beinsports.com","A2D36A21-00D5-4001-A443-81CF2C06553F","1","beinsports.com","WINNER"
"beINSportsMax1.qa@MENA","beINSPORTSMAX1","bein.com","sports#27","2","bein.com","WINNER"
"beINSportsMax1.qa@MENA","beIN SPORTS MAX 1","beinsports.com","2FB43094-3598-43C1-A3BA-44BFB40092E0","2","bein.com","LOSER"
"beINSportsMax2.qa@MENA","beINSPORTSMAX2","bein.com","sports#28","2","bein.com","WINNER"
"beINSportsMax2.qa@MENA","beIN SPORTS MAX 2","beinsports.com","008F0EA9-FCD9-4E8C-849A-913979E7450A","2","bein.com","LOSER"
"beINSportsMax3.qa@MENA","beINSPORTSMAX3","bein.com","sports#29","2","bein.com","WINNER"
"beINSportsMax3.qa@MENA","beIN SPORTS MAX 3","beinsports.com","7783DC02-4527-4094-9EE3-CDA8E093E4EB","2","bein.com","LOSER"
"beINSportsMax4.qa@MENA","beINSPORTSMAX4","bein.com","sports#30","2","bein.com","WINNER"
"beINSportsMax4.qa@MENA","beIN SPORTS MAX 4","beinsports.com","5B15611A-5F9D-4EF0-89A6-677C9CA2BD5D","2","bein.com","LOSER"
"beINSportsMax5.qa@MENA","beINSPORTSMAX5","bein.com","sports#31","2","bein.com","WINNER"
"beINSportsMax5.qa@MENA","beIN SPORTS MAX 5","beinsports.com","F7215920-CCF9-4DBB-8B9D-152E232FA549","2","bein.com","LOSER"
"beINSportsMax6.qa@MENA","beINSPORTSMAX6","bein.com","sports#32","2","bein.com","WINNER"
"beINSportsMax6.qa@MENA","beIN SPORTS MAX 6","beinsports.com","DC04009D-7E18-4D1C-BA7F-7269B8F8D065","2","bein.com","LOSER"
"beINSportsXtra1.qa@SD","beIN SPORTS XTRA 1","beinsports.com","E3B37FA0-E582-45B2-BB8E-516E1A714EF6","1","beinsports.com","WINNER"
"beINSportsXtra2.qa@SD","beIN SPORTS XTRA 2","beinsports.com","27E67022-B943-4913-9AF3-AFD3DAC9854B","1","beinsports.com","WINNER"
"BeJunior.qa@SD","21","bein.com","entertainment#21","1","bein.com","WINNER"
"BigTimePlus.sa@SD","Big Time Plus","shahid.mbc.net","49922904934759","1","shahid.mbc.net","WINNER"
"BloombergOriginals.us@SD","Bloomberg Originals","osn.com","4512","1","osn.com","WINNER"
"BloombergTV.us@MiddleEast","22","bein.com","entertainment#22","2","osn.com","LOSER"
"BloombergTV.us@MiddleEast","Bloomberg","osn.com","201","2","osn.com","WINNER"
"CartoonNetworkArabic.ae@SD","نتورك بالعربية","elcinema.com","1242","2","osn.com","LOSER"
"CartoonNetworkArabic.ae@SD","CN Arabia","osn.com","9987","2","osn.com","WINNER"
"CartoonNetworkMENA.uk@SD","Cartoon Network HD","osn.com","4507","1","osn.com","WINNER"
"CBC.eg@SD","سي بي سي","elcinema.com","1198","1","elcinema.com","WINNER"
"CBCDrama.eg@SD","سي بي سي دراما","elcinema.com","1199","1","elcinema.com","WINNER"
"CBCSofra.eg@SD","سي بي سي سفرة","elcinema.com","1260","1","elcinema.com","WINNER"
"CBeebiesMiddleEast.uk@SD","31","bein.com","entertainment#31","1","bein.com","WINNER"
"Cima.eg@SD","سيما","elcinema.com","1176","1","elcinema.com","WINNER"
"ClubMTVEurope.uk@SD","20","bein.com","entertainment#20","1","bein.com","WINNER"
"CNNArabic.ae@SD","27","bein.com","entertainment#27","1","bein.com","WINNER"
"CNNInternational.us@MENA","CNN HD","osn.com","4504","1","osn.com","WINNER"
"CrimePlusInvestigation.us@SD","C &amp; I","osn.com","212","1","osn.com","WINNER"
"DijlahTV.iq@SD","دجلة","elcinema.com","1385","1","elcinema.com","WINNER"
"DiscoveryChannelMiddleEastAfrica.us@SD","ديسكفري","elcinema.com","1272","2","osn.com","LOSER"
"DiscoveryChannelMiddleEastAfrica.us@SD","Discovery Channel HD","osn.com","5665","2","osn.com","WINNER"
"DMC.eg@SD","دي إم سي","elcinema.com","1290","2","osn.com","LOSER"
"DMC.eg@SD","DMC HD","osn.com","9085","2","osn.com","WINNER"
"DMCDrama.eg@SD","دي إم سي دراما","elcinema.com","1292","1","elcinema.com","WINNER"
"DubaiOne.ae@SD","دبي وان","elcinema.com","1173","1","elcinema.com","WINNER"
"DubaiTV.ae@SD","دبي","elcinema.com","1169","2","osn.com","LOSER"
"DubaiTV.ae@SD","Dubai TV HD","osn.com","6603","2","osn.com","WINNER"
"DubaiZaman.ae@SD","دبي زمان","elcinema.com","1283","1","elcinema.com","WINNER"
"EchoroukTV.dz@SD","الشروق الجزائرية","elcinema.com","1315","1","elcinema.com","WINNER"
"ElMehwarChannel.eg@SD","المحور","elcinema.com","1145","1","elcinema.com","WINNER"
"ElWatania1.tn@SD","الوطنية 1","elcinema.com","1308","1","elcinema.com","WINNER"
"ElWatania2.tn@SD","الوطنية 2","elcinema.com","1334","1","elcinema.com","WINNER"
"ERTU1.eg@SD","قناة مصر الأولى","elcinema.com","1101","1","elcinema.com","WINNER"
"EuronewsEnglish.fr@SD","28","bein.com","entertainment#28","1","bein.com","WINNER"
"Fairuz.sa@HD","فيروز","shahid.mbc.net","49923172215352","1","shahid.mbc.net","WINNER"
"Fatafeat.ae@SD","17","bein.com","entertainment#17","2","osn.com","LOSER"
"Fatafeat.ae@SD","Fatafeat","osn.com","4510","2","osn.com","WINNER"
"FIFAPlus.uk","FIFA+","shahid.mbc.net","49923446898171","1","shahid.mbc.net","WINNER"
"FoodNetworkEMEA.us@SD","14","bein.com","entertainment#14","1","bein.com","WINNER"
"FoxActionMoviesMENA.hk@SD","6","bein.com","entertainment#6","2","bein.com","WINNER"
"FoxActionMoviesMENA.hk@SD","ستار أكشن","elcinema.com","1330","2","bein.com","LOSER"
"FoxArabia.ae@SD","13","bein.com","entertainment#13","1","bein.com","WINNER"
"FoxMoviesMiddleEast.us@SD","5","bein.com","entertainment#5","1","bein.com","WINNER"
"FujairahTV.ae@SD","الفجيرة","elcinema.com","1302","1","elcinema.com","WINNER"
"Gametoon.nl@SD","Gametoon","osn.com","6606","1","osn.com","WINNER"
"GINXTV.uk@SD","Ginx","osn.com","6604","1","osn.com","WINNER"
"GoalZone.sa","Goal Zone","shahid.mbc.net","49923639151416","1","shahid.mbc.net","WINNER"
"HadhramautTV.ye@SD","تلفزيون حضرموت","elcinema.com","1374","1","elcinema.com","WINNER"
"HGTVArabia.us@SD","15","bein.com","entertainment#15","1","bein.com","WINNER"
"History2MiddleEast.us@SD","H2 HD","osn.com","5667","1","osn.com","WINNER"
"HistoryMiddleEast.us@SD","History HD","osn.com","5661","1","osn.com","WINNER"
"iFilmArabic.ir@SD","آي فيلم","elcinema.com","1204","1","elcinema.com","WINNER"
"InvestigationDiscovery.uk@SD","Discovery IDX HD","osn.com","5668","1","osn.com","WINNER"
"IqraaArabic.sa","إقرأ","shahid.mbc.net","49923697660442","1","shahid.mbc.net","WINNER"
"JeemTV.qa@SD","29","bein.com","entertainment#29","1","bein.com","WINNER"
"JordanTV.jo@SD","الأردن","elcinema.com","1314","1","elcinema.com","WINNER"
"KSASports1.sa@SD","KSA Sports 1 HD","osn.com","9961","1","osn.com","WINNER"
"KTV1.kw@SD","الكويت","elcinema.com","1310","1","elcinema.com","WINNER"
"LanaTV.lb@SD","ال تي في","elcinema.com","1313","1","elcinema.com","WINNER"
"LBC.sa@SD","إل بي سي","elcinema.com","1341","2","rotana.net","LOSER"
"LBC.sa@SD","إل بي سي","rotana.net","434","2","rotana.net","WINNER"
"LBCInternational.lb@SD","إل بي سي آي","elcinema.com","1168","1","elcinema.com","WINNER"
"MajidAlMohandis.sa@SD","ماجد المهندس","shahid.mbc.net","49922763891977","1","shahid.mbc.net","WINNER"
"Maraya.sa@HD","قناة مرايا","shahid.mbc.net","988045","1","shahid.mbc.net","WINNER"
"Masah.sa@SD","ماسة","elcinema.com","1401","1","elcinema.com","WINNER"
"MasperoZaman.eg@SD","ماسبيرو زمان","elcinema.com","1336","1","elcinema.com","WINNER"
"MBC1.ae@SD","إم بي سي","elcinema.com","1127","3","shahid.mbc.net","LOSER"
"MBC1.ae@SD","MBC 1","osn.com","9908","3","shahid.mbc.net","LOSER"
"MBC1.ae@SD","MBC1","shahid.mbc.net","387238","3","shahid.mbc.net","WINNER"
"MBC1Egypt.eg@HD","MBC1","shahid.mbc.net","387248","1","shahid.mbc.net","WINNER"
"MBC1USA.us@SD","MBC1","shahid.mbc.net","816764","1","shahid.mbc.net","WINNER"
"MBC2.ae@SD","إم بي سي 2","elcinema.com","1128","2","shahid.mbc.net","LOSER"
"MBC2.ae@SD","MBC2","shahid.mbc.net","400917","2","shahid.mbc.net","WINNER"
"MBC3.ae@SD","إم بي سي 3","elcinema.com","1241","3","osn.com","LOSER"
"MBC3.ae@SD","MBC 3","osn.com","9971","3","osn.com","WINNER"
"MBC3.ae@SD","MBC3","shahid.mbc.net","409385","3","osn.com","LOSER"
"MBC3USA.us@SD","MBC3","shahid.mbc.net","816771","1","shahid.mbc.net","WINNER"
"MBC4.ae@SD","إم بي سي 4","elcinema.com","1129","2","shahid.mbc.net","LOSER"
"MBC4.ae@SD","MBC4","shahid.mbc.net","400919","2","shahid.mbc.net","WINNER"
"MBC5.ae@SD","إم بي سي 5","elcinema.com","1354","3","osn.com","LOSER"
"MBC5.ae@SD","MBC 5","osn.com","9995","3","osn.com","WINNER"
"MBC5.ae@SD","MBC5","shahid.mbc.net","387937","3","osn.com","LOSER"
"MBCAction.ae@SD","إم بي سي أكشن","elcinema.com","1130","2","shahid.mbc.net","LOSER"
"MBCAction.ae@SD","MBC Action","shahid.mbc.net","400921","2","shahid.mbc.net","WINNER"
"MBCBollywood.ae@SD","إم بي سي بوليوود","elcinema.com","1259","2","shahid.mbc.net","LOSER"
"MBCBollywood.ae@SD","MBC Bollywood","shahid.mbc.net","409387","2","shahid.mbc.net","WINNER"
"MBCDrama.ae@SD","إم بي سي دراما","elcinema.com","1194","3","osn.com","LOSER"
"MBCDrama.ae@SD","MBC Drama","osn.com","9976","3","osn.com","WINNER"
"MBCDrama.ae@SD","MBC Drama","shahid.mbc.net","387251","3","osn.com","LOSER"
"MBCDramaUSA.us@SD","MBC Drama","shahid.mbc.net","816781","1","shahid.mbc.net","WINNER"
"MBCFM.ae@SD","MBC FM","shahid.mbc.net","388567","1","shahid.mbc.net","WINNER"
"MBCIraq.iq@SD","إم بي سي العراق","elcinema.com","1340","3","osn.com","LOSER"
"MBCIraq.iq@SD","MBC Iraq","osn.com","9245","3","osn.com","WINNER"
"MBCIraq.iq@SD","MBC Iraq","shahid.mbc.net","387294","3","osn.com","LOSER"
"MBCMasr.eg@SD","إم بي سي مصر","elcinema.com","1239","3","osn.com","LOSER"
"MBCMasr.eg@SD","MBC Masr","osn.com","9933","3","osn.com","WINNER"
"MBCMasr.eg@SD","MBC Masr","shahid.mbc.net","387290","3","osn.com","LOSER"
"MBCMasr2.eg@SD","إم بي سي مصر 2","elcinema.com","1278","3","osn.com","LOSER"
"MBCMasr2.eg@SD","MBC Masr2","osn.com","9297","3","osn.com","WINNER"
"MBCMasr2.eg@SD","MBC Masr2","shahid.mbc.net","387293","3","osn.com","LOSER"
"MBCMasrDrama.sa@SD","إم بي سي مصر دراما","elcinema.com","1399","2","elcinema.com","WINNER"
"MBCMasrDrama.sa@SD","مصر دراما","shahid.mbc.net","49923122575716","2","elcinema.com","LOSER"
"MBCMasrUSA.us@SD","MBC Masr","shahid.mbc.net","816776","1","shahid.mbc.net","WINNER"
"MBCMax.ae@SD","إم بي سي ماكس","elcinema.com","1132","2","shahid.mbc.net","LOSER"
"MBCMax.ae@SD","MBC MAX","shahid.mbc.net","400924","2","shahid.mbc.net","WINNER"
"MBCMood.sa@HD","MBC Mood","osn.com","411","1","osn.com","WINNER"
"MBCPersia.ae@SD","MBC Persia","shahid.mbc.net","418308","1","shahid.mbc.net","WINNER"
"MBCPlusDrama.sa@SD","إم بي سي دراما +","elcinema.com","1131","3","osn.com","LOSER"
"MBCPlusDrama.sa@SD","MBC+ Drama","osn.com","9699","3","osn.com","WINNER"
"MBCPlusDrama.sa@SD","MBC Plus Drama","shahid.mbc.net","387296","3","osn.com","LOSER"
"MCMTop.fr@SD","MCM TOP","osn.com","5664","1","osn.com","WINNER"
"MixBelAraby.eg@SD","ميكس بالعربي","elcinema.com","1371","1","elcinema.com","WINNER"
"MohammedAbdo.sa@SD","محمد عبده","shahid.mbc.net","986346","1","shahid.mbc.net","WINNER"
"MoonbugKids.uk@SD","Moonbug Kids","osn.com","310","1","osn.com","WINNER"
"MotorvisionPlus.de@SD","MOTORVISION","osn.com","305","1","osn.com","WINNER"
"MoviesAction.sa@SD","Movies Action","shahid.mbc.net","986064","1","shahid.mbc.net","WINNER"
"MoviesThriller.sa@SD","Movies Thriller","shahid.mbc.net","986069","1","shahid.mbc.net","WINNER"
"MTV.lb@SD","إم تي في","elcinema.com","1296","2","shahid.mbc.net","LOSER"
"MTV.lb@SD","MTV Lebanon","shahid.mbc.net","49923518527492","2","shahid.mbc.net","WINNER"
"MTV80s.uk@SD","18","bein.com","entertainment#18","1","bein.com","WINNER"
"MTV90s.uk@SD","19","bein.com","entertainment#19","1","bein.com","WINNER"
"NationalGeographicAbuDhabi.ae@SD","ناشونال جيوجراف...","elcinema.com","1266","1","elcinema.com","WINNER"
"NationalGeographicMiddleEast.uk@SD","ناشيونال جيوجرافيك","elcinema.com","1275","1","elcinema.com","WINNER"
"NessmaElJadida.tn@SD","نسمة","elcinema.com","1304","1","elcinema.com","WINNER"
"NickelodeonArabia.ae@SD","Nickelodeon HD","osn.com","5663","1","osn.com","WINNER"
"NickJrArabia.ae@SD","Nick Jr HD","osn.com","5670","1","osn.com","WINNER"
"NicktoonsArabia.ae@SD","NickToons HD","osn.com","5671","1","osn.com","WINNER"
"NileDrama.eg@SD","نايل دراما","elcinema.com","1156","1","elcinema.com","WINNER"
"NileLife.eg@SD","نايل لايف","elcinema.com","1159","1","elcinema.com","WINNER"
"OmanSportsTV.om","قناة عمان الرياضية","ayn.om","159/قناة-عمان-الرياضية","1","ayn.om","WINNER"
"OmanTV.om","قناة عمان العامة","ayn.om","158/قناة-عمان-العامة","1","ayn.om","WINNER"
"OmanTV.om@SD","عمان","elcinema.com","1317","2","osn.com","LOSER"
"OmanTV.om@SD","Oman TV","osn.com","9983","2","osn.com","WINNER"
"OmanTVCultural.om","قناة عمان الثقافية","ayn.om","160/قناة-عمان-الثقافية","1","ayn.om","WINNER"
"OmanTVMubashir.om","قناة عمان مباشر","ayn.om","161/قناة-عمان-مباشر","1","ayn.om","WINNER"
"OnDrama.eg@SD","أون دراما","elcinema.com","1134","1","elcinema.com","WINNER"
"OnE.eg@SD","أون إي","elcinema.com","1203","1","elcinema.com","WINNER"
"OSNComedy.ae@SD","OSNtv Comedy","osn.com","4508","1","osn.com","WINNER"
"OSNKids.ae@SD","OSNtv Kids","osn.com","4506","1","osn.com","WINNER"
"OSNMezze.ae@SD","OSNtv Mezze","osn.com","4501","1","osn.com","WINNER"
"OSNMoviesAction.ae@SD","OSNtv Movies Action","osn.com","302","1","osn.com","WINNER"
"OSNMoviesHollywood.ae@SD","OSNtv Movies Hollywood","osn.com","4503","1","osn.com","WINNER"
"OSNMoviesPremiere.ae@SD","OSNtv Movies Premiere","osn.com","301","1","osn.com","WINNER"
"OSNShowcase.ae@SD","OSNtv Showcase","osn.com","304","1","osn.com","WINNER"
"OSNYahala.ae@SD","OSNtv Yahala","osn.com","4509","1","osn.com","WINNER"
"OSNYahalaAflam.ae@SD","OSNtv Yahala Aflam","osn.com","306","1","osn.com","WINNER"
"OSNYahalaBilArabi.ae@SD","OSNtv Yahala Bil Arabi","osn.com","309","1","osn.com","WINNER"
"PanoramaFM.sa@SD","Panorama FM","shahid.mbc.net","388566","1","shahid.mbc.net","WINNER"
"QatarTelevision.qa@SD","قطر","elcinema.com","1319","1","elcinema.com","WINNER"
"RabehSaqer.sa@HD","رابح صقر","shahid.mbc.net","49923172117967","1","shahid.mbc.net","WINNER"
"RashidAlMajed.sa@SD","راشد الماجد","shahid.mbc.net","986024","1","shahid.mbc.net","WINNER"
"RFMTV.fr@SD","RFM TV","osn.com","222","1","osn.com","WINNER"
"RotanaCinemaEgypt.eg@SD","روتانا سينما مصر","elcinema.com","1148","2","rotana.net","LOSER"
"RotanaCinemaEgypt.eg@SD","روتانا سينما مصر","rotana.net","439","2","rotana.net","WINNER"
"RotanaCinemaKSA.sa@SD","روتانا سينما","elcinema.com","1289","2","rotana.net","LOSER"
"RotanaCinemaKSA.sa@SD","روتانا سينما السعودية","rotana.net","431","2","rotana.net","WINNER"
"RotanaClassic.sa@SD","روتانا كلاسيك","elcinema.com","1217","2","rotana.net","LOSER"
"RotanaClassic.sa@SD","روتانا كلاسيك","rotana.net","438","2","rotana.net","WINNER"
"RotanaClip.sa@SD","روتانا كليب","rotana.net","443","1","rotana.net","WINNER"
"RotanaComedy.sa@SD","روتانا كوميدي","elcinema.com","1358","2","rotana.net","LOSER"
"RotanaComedy.sa@SD","روتانا كوميدي","rotana.net","437","2","rotana.net","WINNER"
"RotanaDrama.sa@SD","روتانا دراما","elcinema.com","1147","2","rotana.net","LOSER"
"RotanaDrama.sa@SD","روتانا دراما","rotana.net","436","2","rotana.net","WINNER"
"RotanaKhalijia.sa@SD","روتانا خليجية","elcinema.com","1149","2","rotana.net","LOSER"
"RotanaKhalijia.sa@SD","روتانا خليجية","rotana.net","435","2","rotana.net","WINNER"
"RoyaComedy.jo@SD","Roya Comedy","roya-tv.com","3","1","roya-tv.com","WINNER"
"RoyaDrama.jo@SD","Roya Drama","roya-tv.com","2","1","roya-tv.com","WINNER"
"RoyaKids.jo@SD","Roya Kids","roya-tv.com","14","2","roya-tv.com","WINNER"
"RoyaKids.jo@SD","Roya Kids Originals","roya-tv.com","42","2","roya-tv.com","WINNER"
"RoyaKidsSongs.jo@SD","Roya Kids Songs","roya-tv.com","27","1","roya-tv.com","WINNER"
"RoyaKitchen.jo@SD","Roya Kitchen","roya-tv.com","4","1","roya-tv.com","WINNER"
"RoyaNews.jo@SD","Roya News","roya-tv.com","21","1","roya-tv.com","WINNER"
"RoyaTV.jo@SD","رؤيا","elcinema.com","1299","3","roya-tv.com","LOSER"
"RoyaTV.jo@SD","Roya TV HD","osn.com","9393","3","roya-tv.com","LOSER"
"RoyaTV.jo@SD","Roya TV","roya-tv.com","1","3","roya-tv.com","WINNER"
"RT.ru@SD","RT English","osn.com","7114","1","osn.com","WINNER"
"RTArabic.ru@SD","RT Arabic","osn.com","9396","1","osn.com","WINNER"
"SadaElbalad.eg@SD","صدى البلد","elcinema.com","1226","1","elcinema.com","WINNER"
"SadaElbalad2.eg@SD","صدى البلد 2","elcinema.com","1279","1","elcinema.com","WINNER"
"SadaElbaladDrama.eg@SD","صدى البلد دراما","elcinema.com","1227","1","elcinema.com","WINNER"
"SalamTV.ly@SD","سلام","elcinema.com","1360","1","elcinema.com","WINNER"
"SamaDubai.ae@SD","سما دبي","elcinema.com","1177","1","elcinema.com","WINNER"
"SaudiThaqafiyaTV.sa@SD","Al Thaqafeya","osn.com","9047","2","shahid.mbc.net","LOSER"
"SaudiThaqafiyaTV.sa@SD","الثقافية","shahid.mbc.net","995495","2","shahid.mbc.net","WINNER"
"SBC.sa@SD","إس بي سي","elcinema.com","1297","2","shahid.mbc.net","LOSER"
"SBC.sa@SD","SBC","shahid.mbc.net","946940","2","shahid.mbc.net","WINNER"
"SharjahTV.ae@SD","الشارقة","elcinema.com","1188","1","elcinema.com","WINNER"
"SkyNewsArabia.ae@SD","Sky News Arabia HD","osn.com","2015","1","osn.com","WINNER"
"SpacetoonArabic.ae@SD","Spacetoon","shahid.mbc.net","409390","1","shahid.mbc.net","WINNER"
"StarMoviesMiddleEast.ae@SD","7","bein.com","entertainment#7","2","bein.com","WINNER"
"StarMoviesMiddleEast.ae@SD","ستار موفيز","elcinema.com","1212","2","bein.com","LOSER"
"StarWorldMiddleEast.ae@SD","16","bein.com","entertainment#16","2","bein.com","WINNER"
"StarWorldMiddleEast.ae@SD","ستار ورلد","elcinema.com","1329","2","bein.com","LOSER"
"Tarab.sa@SD","طرب","shahid.mbc.net","49922763510387","1","shahid.mbc.net","WINNER"
"TeN.eg@SD","تن","elcinema.com","1280","1","elcinema.com","WINNER"
"ThikrayatTV.sa@SD","ذكريات","elcinema.com","1366","2","shahid.mbc.net","LOSER"
"ThikrayatTV.sa@SD","ذكريات","shahid.mbc.net","946945","2","shahid.mbc.net","WINNER"
"TLCArabia.us@SD","TLC HD","osn.com","308","1","osn.com","WINNER"
"UTV.iq@SD","يو تي في","elcinema.com","1367","1","elcinema.com","WINNER"
"Wanasah.ae@SD","وناسه","shahid.mbc.net","414449","1","shahid.mbc.net","WINNER"
"ZeeAlwan.ae@SD","زي ألوان","elcinema.com","1261","1","elcinema.com","WINNER"
"","30","bein.com","entertainment#30","1","","NO_XMLTV_ID"
"","beINSPORTS2FR","bein.com","sports#15","1","","NO_XMLTV_ID"
"","beINSERIES2","bein.com","entertainment#10","1","","NO_XMLTV_ID"
"","beINDRAMA","bein.com","entertainment#11","1","","NO_XMLTV_ID"
"","8","bein.com","entertainment#8","1","","NO_XMLTV_ID"
"","beINSPORTSXTRA1","bein.com","sports#17","1","","NO_XMLTV_ID"
"","beINSPORTSXTRA2","bein.com","sports#18","1","","NO_XMLTV_ID"
"","beINSPORTSXTRA3","bein.com","sports#19","1","","NO_XMLTV_ID"
"","16","bein.com","sports#16","1","","NO_XMLTV_ID"
"","beINSPORTSXTRA4","bein.com","sports#20","1","","NO_XMLTV_ID"
"","beINSPORTSXTRA5","bein.com","sports#21","1","","NO_XMLTV_ID"
"","beINSPORTSXTRA6","bein.com","sports#22","1","","NO_XMLTV_ID"
"","beINSPORTSXTRA8","bein.com","sports#24","1","","NO_XMLTV_ID"
"","beINSPORTSXTRA9","bein.com","sports#25","1","","NO_XMLTV_ID"
"","beINSPORTSXTRA7","bein.com","sports#23","1","","NO_XMLTV_ID"
"","beINSPORTS1","bein.com","sports#1","1","","NO_XMLTV_ID"
"","beINSPORTSNews","bein.com","sports#10","1","","NO_XMLTV_ID"
"","beINSPORTS","bein.com","sports#11","1","","NO_XMLTV_ID"
"","beINSPORTS1EN","bein.com","sports#12","1","","NO_XMLTV_ID"
"","beINSPORTS2EN","bein.com","sports#13","1","","NO_XMLTV_ID"
"","beINSPORTS1FR","bein.com","sports#14","1","","NO_XMLTV_ID"
"","beINJUNIOR","bein.com","entertainment#23","1","","NO_XMLTV_ID"
"","JeemTV","bein.com","entertainment#24","1","","NO_XMLTV_ID"
"","beIN SPORTS 6 AFC","beinsports.com","2BF668DF-1B76-4199-88CE-8691FD86AD8C","1","","NO_XMLTV_ID"
"","beIN SPORTS 9","beinsports.com","5C08D9D3-C713-4F1F-947E-87C761428B9B","1","","NO_XMLTV_ID"
"","beIN SPORTS XTRA 4","beinsports.com","7A8040D9-7BAF-477E-B9F7-8BAB88F677E8","1","","NO_XMLTV_ID"
"","beIN SPORTS EN 1","beinsports.com","8C1EC4FC-35E6-4866-A75D-37FCFAE18839","1","","NO_XMLTV_ID"
"","beIN SPORTS XTRA 6","beinsports.com","9ABD32F9-C6D9-4DD5-B936-2C7E6546292E","1","","NO_XMLTV_ID"
"","beIN SPORTS FR 2","beinsports.com","9B969275-E59C-4DD1-8FCA-8B01EAE04909","1","","NO_XMLTV_ID"
"","beIN SPORTS XTRA 5","beinsports.com","51D28C47-7B79-4007-81A3-BFDF9BC65A3B","1","","NO_XMLTV_ID"
"","beIN SPORTS EN 2","beinsports.com","846C79D6-18F8-4A4D-ACFA-2C18DCCB6398","1","","NO_XMLTV_ID"
"","beIN SPORTS XTRA 7","beinsports.com","1752F091-A114-4629-BED4-46E0BB488A24","1","","NO_XMLTV_ID"
"","beIN SPORTS 1","beinsports.com","7836FEA9-6B39-4A1A-8352-DC5FCB97A16C","1","","NO_XMLTV_ID"
"","beIN SPORTS 4 AFC","beinsports.com","42680C3C-580F-43DA-BDD8-02651BD10F32","1","","NO_XMLTV_ID"
"","beIN SPORTS XTRA 9","beinsports.com","522050CE-EBD3-43EA-B636-42B034FDC05C","1","","NO_XMLTV_ID"
"","beIN SPORTS FR 1","beinsports.com","93000494-0DF8-4107-AF0E-1C99D3DBB2EC","1","","NO_XMLTV_ID"
"","beIN SPORTS 5 AFC","beinsports.com","B0DBD19A-9F44-4197-BD09-2B6A5F315F3B","1","","NO_XMLTV_ID"
"","beIN SPORTS XTRA 8","beinsports.com","CD634732-20D1-4137-94E7-939DE93D056D","1","","NO_XMLTV_ID"
"","beIN SPORTS XTRA 3","beinsports.com","CDF1A4C8-26DD-4C33-A239-F729A3B09295","1","","NO_XMLTV_ID"
"","اﻹمارات","elcinema.com","1135","1","","NO_XMLTV_ID"
"","OSNtv One","osn.com","204","1","","NO_XMLTV_ID"
"","Blippi and Friends","osn.com","206","1","","NO_XMLTV_ID"
"","OSNtv Showcase Classics","osn.com","208","1","","NO_XMLTV_ID"
"","OSNtv iQIYI","osn.com","221","1","","NO_XMLTV_ID"
"","OSNtv Movies Horror","osn.com","225","1","","NO_XMLTV_ID"
"","OSNtv Pop Up 2","osn.com","226","1","","NO_XMLTV_ID"
"","OSNtv Crime","osn.com","307","1","","NO_XMLTV_ID"
"","OSNtv Documentary","osn.com","314","1","","NO_XMLTV_ID"
"","KTV Channel 1 HD","osn.com","1101","1","","NO_XMLTV_ID"
"","OSNtv Now","osn.com","4502","1","","NO_XMLTV_ID"
"","OSNtv Movies Family","osn.com","5666","1","","NO_XMLTV_ID"
"","OSNtv Movies Comedy","osn.com","5669","1","","NO_XMLTV_ID"
"","OSNtv Pop Up","osn.com","5672","1","","NO_XMLTV_ID"
"","eClutch Access","osn.com","6607","1","","NO_XMLTV_ID"
"","Esport 24","osn.com","6609","1","","NO_XMLTV_ID"
"","eClutch LIVE","osn.com","6610","1","","NO_XMLTV_ID"
"","Padel TV","osn.com","6611","1","","NO_XMLTV_ID"
"","eClutch LIVE 2","osn.com","6612","1","","NO_XMLTV_ID"
"","eClutch Arabic","osn.com","6613","1","","NO_XMLTV_ID"
"","STV1 HD","osn.com","9957","1","","NO_XMLTV_ID"
"","رؤيا فلسطين","roya-tv.com","38","1","","NO_XMLTV_ID"
"","Roya Sport","roya-tv.com","48","1","","NO_XMLTV_ID"
"","BIG TIME","shahid.mbc.net","951783","1","","NO_XMLTV_ID"
"","قناة طاش","shahid.mbc.net","963543","1","","NO_XMLTV_ID"
"","ناصر القصبي","shahid.mbc.net","969745","1","","NO_XMLTV_ID"
"","قناة الكبير أوي","shahid.mbc.net","976272","1","","NO_XMLTV_ID"
"","قناة العاصوف","shahid.mbc.net","977946","1","","NO_XMLTV_ID"
"","قناة مسرح مصر","shahid.mbc.net","983124","1","","NO_XMLTV_ID"
"","قناة اللعبة","shahid.mbc.net","992538","1","","NO_XMLTV_ID"
"","UNBEATEN","shahid.mbc.net","49923693965985","1","","NO_XMLTV_ID"
"","القرآن الكريم بصوت السديس","shahid.mbc.net","49923697545394","1","","NO_XMLTV_ID"
"","قناة كامل العدد","shahid.mbc.net","49923766669525","1","","NO_XMLTV_ID"
"","قناة جاك العلم","shahid.mbc.net","49923766677799","1","","NO_XMLTV_ID"
"","AWSN","shahid.mbc.net","49923781913188","1","","NO_XMLTV_ID"
